t_content,info
"30일 서울 여의도 국회의원회관에서 열린 더불어민주당 국민생활기준 2030 범국민특별위원회 활동보고 간담회에서 홍익표 공동위원장(왼쪽부터), 고영인 간사(의원), 김연명 공동위원장(중앙대 교수)가 의견을 나누고 있다. 뉴스1 더불어민주당 ‘국민생활기준 2030 범국민특별위원회’가 30일 첫 활동 결과를 내놨다.‘신(新)복지’란 말이 빠져 있지만, 이낙연 전 민주당 대표가 “2030년까지 달성할 국가의 목표를 세우자”며 대표 시절 설치한 위원회다.특위 간사인 고영인 의원은 이날 활동보고 간담회에서 “이번 대선이 당 중심 선거로 치러져야 하고, 특정 후보의 캠프 중심으로는 승리가 어렵다는 문제의식이 공히 있다”고 당 차원의 대선 공약 기지화를 예고했다. 이낙연의 그림자 특위 공동위원장을 맡은홍익표 민주당 정책위의장은 “소득·주거·돌봄·의료·문화체육·환경·교육·노동 등 위원회 산하에 8개 분과를 마련했다”며“오는 9월까지 구체적인 국민생활보장 최저기준과 적정기준을 마련하고, 국민 여론 수렴을 거쳐 이행 로드맵을 확정하겠다”고 밝혔다.공공임대주택 대폭 확대, 초등학생 온종일 돌봄제, 공공의료기관 확충, 자원 순환시스템 등이 각 분과에서 서너개씩 추린 정책 목표 중 핵심 의제들이다. 지난해 8월까지 청와대 사회수석을 지낸 김연명 중앙대 교수가 홍 의장과 공동으로 특위를 이끌고 있다. 이 전 대표는 지난 2월 퇴임을 2주 앞두고 한 중앙일보 인터뷰에서“4개월 전 김 교수에게 ‘현 정부에서 못했던 걸 새로 만들어보자’고 제안해 신복지 구상이 나왔다”고 했다. 문재인 정부 정책의 보완·계승 차원에서 김 교수를 자신의 ‘정책 멘토’로 초빙했단 취지였다. 30일 특위 보고에서 김연명 공동위원장(오른쪽)의 발언을 홍익표 공동위원장(왼쪽)이 듣고 있다. 이낙연 전 대표가 지난 2월 들고 나온 '국민생활기준 2030'은 최소한의 인간다운 삶을 위한 '최저기준'을 보장하면서 2030년까지 중산층 수준의 '적정기준'에 도달하자는 의미의 개념이다. 뉴스1 김 교수는 이날 “우리 위원회는 이낙연 전 당대표 요청으로 지난 2월 26일 활동을 시작했다”고 못 박았다. “확정된 의제는9월에 정해질 민주당 대선 후보에게 보고해 명실상부한 민주당의 핵심 공약이 될 수 있도록 하겠다”는 강조가 잇따랐다. 친문 호응 속…이재명계‘불편’ “10년 뒤를 내다보며 국민소득 4만 달러 시대에 부응하는 대한민국 복지의 새로운 틀을 세우겠다”, “신복지는 이낙연의 비전이 아니라 민주당의 비전”이라는 주장은이 전 대표가 재임 시절 올 2월 국회 본회의 교섭단체 대표연설 등에서 했다. 퇴임과 재·보선 패배로 이 전 대표가 힘을 잃은 지금까지 특위가 견실히 활동을 이어 온 배경에는 민주당 주축을 이루는 친문(친문재인) 진영의 동조가 있다는 분석이 나온다. 최고위원을 지낸 한 친문 의원은“후보가 누가 됐든 대선 공약은 당 정책기구가 선(先) 확정할 필요가 있다”며“당 차원의 대선 공약 발전이 일찍부터 필요하다는 데 많은 의원이 현 정부 출범 이전부터 공감대를 형성해왔다”고 말했다. 이날 “좋은 어젠다를 잘 발굴하고 국민 삶을 책임진다는 전제로 우리 위원회가 열심히 하겠다”고 말한 홍익표 위원장(3선) 역시 당내 손꼽히는 친문 인사다. 이재명 경기지사(왼쪽)과 이낙연 전 더불어민주당 대표. 연합뉴스 ‘신복지=민주당 대선 공약’을 시도하는 움직임에 세를 불리고 있는 이재명계 의원들은 마뜩잖은 기색이다. 경선 돌입 전이라 공개 대응하는 분위기야 아니라지만 “여전히 만연한 당내 반(反) 이재명 세력의 견제가 정당한 당내 경선을 해칠 수 있다”(수도권 중진)는 목소리가 나왔다. 이재명 경기지사 지지 모임인 ‘대한민국 성장과 공정 포럼’에 참여 중인 한 의원은 “대선 후보 확정 이후에는 공약이든 정책이든 후보 본인이 당무에 주도권을 쥐는 게 당연한데, 미리부터 저러는 건 되레‘현재 스코어상 이재명 외엔 대안이 없다’는 일종의 위기감의 발로 아니겠느냐”고 말했다. 앞서 이 전 대표는 자신의 신복지 구상이 “(이재명 경기지사의) 기본소득론 보다 좀 더 종합적”이라며 기본소득과 신복지는 양립 관계가 아니라는 뜻을 밝힌 적이 있다. 특위는 이날‘아동수당 등 현행 소득보장제 확대, 근로빈곤계층 지원, 새로운 불평등 대응’ 등 기존 보편복지를 새로운 필요에 맞춰 확대하는 방향을 소득 분야 로드맵으로 제시했다. 전국민에 같은 금액을 주는 기본소득과는 다른 길이다. 심새롬 기자 saerom@joongang.co.kr 관련기사몸집키우는 이재명…포럼에 조정식·노웅래 중진 가세할 듯정책으로 기사회생 노리는 이낙연 “대선은 회고 아닌 미래”이재명 1380만 시간에 與 발끈 ""보자보자 하니 오만함이…""",1
"여권 대선주자인 이재명 경기지사, 이낙연 민주당 대표, 정세균 국무총리(왼쪽부터). 연합뉴스 진중권 전 동양대 교수가 ""더불어민주당은 시스템상 쇄신은 불가능하다. 이제 완전히 맛이 갔다""고 평가하며 여권 대선주자들에서도 독설을 쏟아냈다. 진 전 교수는 28일 공개된 유튜브채널 '시사저널TV' 영상에 출연해 여권 대선주자들에 대해 이낙연 전 민주당 대표는 ""전략적으로 멍청하다"", 정세균 전 총리는 ""인간적인 매력이 하나도 없다"", 이재명 경기도지사는 ""(대선까지) 쉽지 않은 게임이 될 것""이라고 평가했다. 또 ""어차피 이재명으로 가야 하는데, 친문(親文)과 이재명이 어떻게 붙을지 피차 딜레마에 빠져있다""고 평가했다. 진중권 전 동양대교수가 28일 공개된 유튜브채널 '시사저널TV' 영상에 출연해 여권 대선주자들에 대해 혹평했다. [유튜브 '시사저널TV' 캡처] 그는 이 전 대표에 대해 ""이미 보궐선거 참패로 아웃""이라며 ""선거에 후보를 내면 안 됐다""고 비판했다. 또 ""올바른 결정을 내리는 게 당 대표의 역할인데 오히려 후보 내서 심판받겠다고 했다. 그럼 심판받았으니 그럼 (재야로) 가셔야 한다""며 ""정치·윤리적으로 올바르지 않았고, 전략적으로도 멍청하다. 이런 사람이 어떻게 대한민국을 이끌어가겠느냐""고 했다. 정 전 총리에 대해선""(당선될) 가망이 없다""며 ""친문한테 절대적 지지받을 메리트가 있는 것도 아니고, 이렇다 할 인간적인 매력이 하나도 없다""며 고 했다. 이 지사에 대해선 ""(본인이) 힘들기 때문에 극렬당원 1000명을 내쳐야 한다고 한 것이다. 처음엔 3000명이라더니 2000명을 깎았다""며 ""그들의 지지 없이는 후보가 되기 힘든데, 그들과 함께 갔다가는 대선에서 이기기 힘들다는 딜레마에 빠져 나름대로 타협책을 찾은 게 1000명이고 선 긋기를 하고 있다""고 했다. 이어 ""아주 쉽지 않은 게임이 될 것""이라며 ""(친문진영에선) 이 지사가 문재인 대통령을 공격했던 기억이 강하게 남아있고, 포퓰리즘에 능해 언제라도 뒤통수를 칠수 있다는 불신이 있어 피차 딜레마""라고 덧붙였다. TBS 교통방송 '김어준의 뉴스공장' 진행자 김어준. 뉴스1 ""김어준은 교주역할, 내칠 수 없을 것"" 한편 진 전 교수는 민주당의 '김어준 지키기'에 대해서도 독설을 날렸다. 그는 ""문제는 여당이 '김어준 지키기'를 하고 있다는 것""이라며 ""김어준이 이들의 신앙공동체에서 일종의 교주 역할""이라고 말했다. 또 추미애 전 법무부 장관, 민주당대표 후보인 송영길 의원 등이 김어준을 두둔하는 것이 문제라고 거론하며 ""김어준이 없으면 구심점 사라지는 것이고 그를 내친다는 건 민주당이 선전·선동과 세뇌에 입각한 정치를 하지 않겠다는 선언인데, 그걸 할 수는 없을 것""이라고 덧붙였다. 고석현 기자 ko.sukhyun@joongang.co.kr",0
"이낙연 전 민주당 대표가 19일 광주에서 독거노인 생일상 차리기를 돕고 있다. 이낙연 의원실 제공 광주에서 강원도로, 다시 부산으로. 이낙연 전 더불어민주당 대표가 전국을 돌고 있다. 자신이 선대위원장을 맡았던 4·7 재·보선이 기록적인 참패로 끝난 뒤 지방의 각종 현장을 찾아 민심을 직접 청취하고 있다. 그는 25일 부산에서 대학 총장·지자체 관계자 등을 만난 뒤 경남 진주로 이동해 청년·주부들과 각각 면담했다. 이 전 대표 측은 “2~3명 가량씩 소규모로 만나다보니 한 시간 이상씩 넉넉하게 이야기를 들을 수 있다”며 당분간 비공개 민생 투어를 계속할 방침을 밝혔다. 그는 4·7 재·보선 패배 후 “더 낮은 자세로 국민의 삶 속에 더 깊이 들어가겠다”고 말했다. 그 약속을 실천하기 위해 시민들과의 맨투맨(man-to-man·일대일) 대화에 집중하고 있다는 게 이 전 대표의 주변의 전언이다.지난 19일엔 광주에서 '독거 어르신 생신상 차리기'에 참여한 뒤 장애인 가정, 한센병 특화 약국 등을 방문했다.“낮은 자세로, 드러나지 않는 곳에서 만인보(萬人譜)를 적겠다”며 민생 투어를 시작한 그는 일주일 만에 두 권째 수첩을 거의 다 채웠다고 한다. 한 측근은 “이 전 대표가 ‘사람마다 갈증이 다르고 힘든 대목도 다르다. 다종다양한 민생의 어려움을 충분히 이해하는 게 중요하다’는 이야기를 했다”면서“오는 5·2 전당대회를 기점으로 공개 정책 행보를 재개할 계획”이라고 전했다. 22일 강원 고성군 산불피해 지역인 토성면 원암리를 찾은 더불어민주당 이낙연 전 대표가 마을주변을 둘러보고 있다. 연합뉴스 선거 패배와 지지율 하락을 잇달아 겪은 이 전 대표 주변에서는 그의 정책 경쟁력에 마지막 희망을 거는 분위기가 강하다.“신문기자·전남지사·국무총리를 두루 거쳤기 때문에 정책의제 설정 능력만큼은 당내 다른 주자들보다 탁월할 것”(수도권 초선)이라는 주장이다. 이 전 대표는 지난 2월 중앙일보 인터뷰에서 자신의 ‘신복지’ 구상을 소개하면서“소득도 신복지 8개 과제 중 하나로 들어가 있다. 신복지가 (이재명 경기지사의 기본소득보다) 좀 더 종합적”이라고 말하기도 했다. 이 전 대표는 최근 “대통령 임기 중의 선거는 ‘회고 투표’지만, 대통령을 뽑는 선거는 ‘미래 투표’”라며 “미래 비전을 제시하겠다”는 뜻도 주변에 밝혔다고 한다.신복지 구상을 구체화하고, ESG(환경·사회·지배구조) 등 새로운 의제를 여럿 발굴해 5·2 전당대회 이후 발전된 형태의 대선 공약으로 만들어가겠다는 계획이다. 다만 당내에서는 이 전 대표의 대선 지지도 반등 가능성을 크게 보지 않는 시각이 상대적으로 우세하다.22일 엠브레인퍼블릭·케이스탯리서치·코리아리서치·한국리서치 등 4개 여론조사기관이 합동으로 조사한 차기 대선주자 적합도에서 이 전 대표는 전주와 변동 없는 8%를 기록했다. 이재명 경기지사는 25%, 윤석열 전 검찰총장은 22% 였다. (자세한 내용은 중앙선거여론조사심의위원회 홈페이지 참조.) 심새롬 기자 saerom@joongang.co.kr 관련기사이낙연 ""文과 차별화? 대통령 안하면 안했지 文 배신 못한다""재보선 책임론 속…격리해제 이낙연 '만인보(萬人譜)' 성찰 고민",1
"사진 이낙연 전 더불어민주당 대표 페이스북 이낙연 전 더불어민주당 대표가 23일 경상남도 김해 봉하마을의 고(故) 노무현 전 대통령 묘역을 방문했다. 이 전 대표는 이날 페이스북에 ""노무현 대통령님을 뵈었다. 당신이 추구하셨던 균형발전과 사람 사는 세상은 여전히 가장 중요한 과제""라고 적었다. 이 전 대표는 방명록에 ""사람 사는 세상은 균형발전에서 시작된다. 당신의 생각이 지금 저희들의 숙제가 됐다""고 적었다. 전국 민생 현장을 방문 중인 이 전 대표는 봉하마을에 이어 24일 부산, 25일 경남 마산·창원 지역에서 면담을 진행할 예정이다. 홍수민 기자 sumin@joongang.co.kr",1
"김부겸 국무총리 후보자가 19일 오전 인사청문 준비 사무실이 마련된 서울 종로구 통의동 금감원 연수원으로 출근하다 취재진 질문에 미소 짓고 있다. 연합뉴스 김부겸 국무총리 후보자 지명을 계기로 전직 대통령 사면론이 다시 고개를 들고 있다. 홍준표 무소속 의원이 먼저 운을 띄웠다. 그는 총리 지명 이틀 뒤인 18일 페이스북에 “(문재인 대통령이) 자신의 업보가 될 두 전직 대통령도 이젠 사면하시고 늦었지만 화해와 화합의 국정을 펼치시길 기대한다”고 썼다. 잦아들었던 사면론이 다시 제기된 건 김 후보자가 TK(대구·경북) 출신이고 청와대가 인사를 발표하며 그를 “통합형 정치인”이라고 소개했던 영향이 크다. 김 후보자도 과거 두 전직 대통령 사면에 부정적이지 않은 입장을 보였다. 김 후보자는 지난해 5월 라디오에 출연해 “(대법원 판결이 나오면) 아마 대통령뿐 아니라 국민들 사이에서 (사면) 문제를 어떤 형태로든지 마무리를 짓자는 이야기가 자연스럽게 나올 거고, 또 공론화 과정이 있을 것”이라고 말했다. 그는 사면에 대해 찬반 의견을 명확히 밝히진 않았지만, 가능성은 열어뒀다. 또 지난 1월 이낙연 전 더불어민주당 대표가 사면 가능성을 언급하며 정치권의 논란이 커졌을 때도 “책임이 부족한 정치권의 모습을 바꾸는 분위기와 대통령의 결단이 같이 가면 국민들이 양해하지 않을까”라고 말했다. 당시 이 전 대표의 사면 가능성 언급에 대해 민주당 내에서 나오던 반발과 결이 다른 발언이었다. 당청“사면 논의 듣지 못했다” 한국대학생진보연합 관계자들이 지난 1월 6일 오후 서울 영등포구 여의도 더불어민주당사 앞에서 기자회견을 갖고 이낙연 민주당 대표의 이명박, 박근혜 전직 대통령에 대한 사면 건의 발언을 규탄했다. 뉴스1 하지만 현재로선 청와대와 민주당 내에서 김 후보자 지명과 사면의 가능성을 연결짓는 기류는 감지되지 않는다. 청와대 고위 관계자는 “청와대 내에서 사면을 논의하고 있다는 것을 아직 들어보지는 못했고, 관련 입장을 언급할 상황도 아니다”라고 말했다. 김 후보자 본인도 아직은 적극적이지 않다. 그는 총리 후보자로 지명된 지난 16일 중앙일보와의 통화에서“사면은 들은 바도 없고, 대통령 권한이라 내가 함부로 얘기할 수도 없다”고 선을 그었다. 총리의 권한이 아니라는 것이다. 민주당의 중진 의원은 “사면 얘기를 꺼내는 의원을 아직 보지 못했다. 이 전 대표가 사면론을 꺼냈다가 데었는데 대통령이 먼저 말하기 전에 누가 먼저 말하겠나”라고 했다. 당청이 사면론에 대해 언급하길 꺼리는 배경에는 ‘이낙연 학습효과’가 있다. 이 전 대표는 지난 1월 두 전직 대통령의 사면을 문 대통령에게 건의하겠다고 밝혔다가 당 내 반발에 부딪혔다. 강성 당원들은 이 전 대표의 사퇴까지 주장했다. 결국 이 전 대표는 ‘당사자의 반성’과 ‘진솔한 사과’를 사면의 조건으로 제시하고 한 발 물러섰다. 문 대통령이 신년 기자회견에서 “지금은 전직 대통령 사면을 말할 때가 아니다”라고 말하면서 사면 논란은 매듭지어졌다. “차기 대통령 당선인이 제안할 것” 문재인 대통령이 2018년 3월 20일 오전 청와대에서 열린 국무회의에 입장하고 있다. 문 대통령 뒤로 박근혜, 이명박 등 전직 대통령 초상화가 보인다. 연합뉴스 박성민 정치컨설팅그룹 ‘민’ 대표는 “김 후보자가 총리가 된다고 해도 사면 카드를 던질 가능성은 낮다고 본다”고 말했다. 그 근거로 “사면을 다시 언급하면 당이 또 분열할 것이고, 당내 입지가 약한 김 후보자 입장에서는 크게 정치적 타격을 입을 수밖에 없다”고 했다. 박 대표는 “김대중 당선인이 김영삼 당시 대통령에게 전직 대통령 사면을 건의한 것처럼, 내년 대선의 당선인이 문 대통령에게 사면을 건의하는 형식이 될 것으로 본다”고 말했다. “사면은 대통령이 결단할 일”이라고 강조해 온 국민의힘 소속 유승민 전 의원도 중앙일보에 “우리 당에서도 김 후보자 지명과 연결지어서 사면을 얘기하는 건 못 봤다. 사면을 얘기하는 분위기는 아니다”라고 말했다. 다만 4·7 재보선 참패로 중도층 표심을 껴안을 필요가 있는 청와대와 여당이 전격적으로 사면을 논의할 가능성은 남아있다는 관측이다. 안병진 경희대 교수는 “‘통합’이 시대정신이기 때문에 사면은 여전히 가능성 있는 카드다. 당청이 국민에게 전향적이면서도 의미있는 신호를 던진 뒤 사면 카드를 던지는 게 좋다”고 말했다. 윤성민 기자 yoon.sungmin@joongang.co.kr",1
"이낙연 전 민주당 대표(왼쪽)와 정세균 전 국무총리의 고향은 각각 전남 영광과 전북 진안이다. 내년 대선을 앞두고 두 주자는 호남 민심을 얻기위한 경쟁에 나섰다. 뉴스1 호남 출신 여권 대선주자들의 양보할 수 없는 호남 쟁탈전이 시작됐다. 이낙연 전 더불어민주당 대표의 지지율이 주춤한 사이 정세균 전 국무총리가 적극적인 호남 일정을 예고하고 나섰다. 정 전 총리와 가까운 민주당 의원은 19일 중앙일보 통화에서 “정 전 총리가 이달 말 고향인 전북 이틀, 전남 사흘 등 약 일주일 일정으로 호남을 찾아 민심을 챙길 예정”이라고 말했다. 정 전 총리는 지난 18일엔 고(故) 김대중 전 대통령의 일산 사저를 찾아 “다시 김대중으로돌아가기 위한 다짐”이라고 페이스북에 썼다. 당내에선 “호남 민심에 대한 구애 성격”(한 당직자)이란 평가가 나왔다. 반면 이 전 대표는 호남지역을 나홀로 누비며 민심을 청취중이다. 지난 16일 고향인 전남 영광을 방문해 선친 묘소를 참배했고 지난 18일엔 전남 구례를 찾아 주민들의 고충을 들었다. 이 전 대표는 4·7 재·보궐선거 패배 후 “성찰의 시간을 갖겠다”(지난 8일)며 민생 행보를 예고했다. 정 전 총리는 전북 진안이 고향으로 서울 종로(19·20대)로 지역구를 옮기기 전 전북 진안·무주·장수·임실에서 내리 4선(15·16·17·18대)을 했다. 반면 전남 영광이 고향인 이 전 대표는 서울 종로(21대) 출마 전엔 전남 담양·함평·영광·장성에서 4선(16·17·18·19대) 의원을 했고, 2014년 지방선거에선 전남지사에 당선됐다. 각각 전북과 전남을 지역 기반으로 둔 만큼 호남지역에서 숙명의 대결이 불가피하다. 호남 쟁탈전…왜? 한국갤럽 여론조사(4월 13~15일)에서 광주·전라 지역 차기 정치지도자 선호도는 이 전 대표가 15%로 재·보선 이전 조사(3월 30~4월 1일)의 24%보다 9%포인트 하락했다. 또 이 전 대표의 전국 지지율(4월 13~15일)은 5%로 1년 전(지난해 4월 7~8일)의 26%와 비교하면 5분의 1 수준이다. 정세균 전 총리가 18일 경기 고양시 정발산동 김대중 전 대통령 일산 사저를 찾아 15대 대선 당시 홍보 푯말을 들고 있다. 김 전 대통령은 1996~1998년 이 곳에 거주했다. 정 전 총리는 1995년 김 전 대통령 권유로 새정치국민회의(민주당 전신)에 입당하며 정치를 시작했다. 페이스북 캡처 그동안 여론조사 대상에서 빠져 있었던 정 전 총리는 이번 조사(4월 13~15일)에서 전국 지지율 1%, 호남 지지율 6%를 기록했다. 정 전 총리 측 의원은 “이 전 대표에게서 빠지는 지지율을 흡수하는 게 일차적 목표”라며 “이를 기반으로 전국 지지세를 키울 것”이라고 말했다. “되는 후보 민다”는 전략적 투표 그렇다면 호남은 두 후보의 구애를 어떻게 받아들일까. 전남지역의 초선 의원은 중앙일보에 “호남인들은‘우리 사람’이란 이유로 무조건 지지하지 않는다”며“당선 가능성이 있는‘되는 후보’를 전략적으로 미는 경향이 강하다”고 말했다. 이낙연 전 민주당 대표가 18일 지난해 8월 홍수 피해를 입은 이 곳을 전남 구례 양정마을을 찾아 주민들과 만났다. 이 전 대표는 ″임시주거에 사시는 주민이 많다″며 대책을 촉구했다. 페이스북 캡처 2016년 4월 총선을 앞두고 ‘호남홀대론’이 일던광주를 방문했다가 비판받은 문재인 대통령이 2017년 대선 경선에서는 호남에서 60.2%의 ‘몰표’를 받은 것이 예다.전남의 한 초선 의원은 “2002년 대선 경선에서 노무현 전 대통령 바람이 광주에서 분 것도 ‘이길 후보’라는 인식 때문”이라고말했다. 여권 차기 주자로 1위를 달리고 있는 영남 출신 이재명 경기지사가 호남에서 꽤 높은 지지율을 유지하는 것도 비슷한 사례다. 한국갤럽 여론조사(4월 13~15일)에서 이 지사의 전국 지지율은 24%, 호남 지지율은 28%였다. 광주의 한 초선 의원은 “이 전 대표와 정 전 총리가 이전투구를 벌이면 전국적 지지율이 높은 이 지사가 이득을 볼 수도 있다""고 했다. 의원단 선택은? 현재 호남지역의 민주당 의원 26명(광주 8명·전남 10명·전북 8명)의 지지성향을 보면 이 전 대표 지지파와 정 전 총리 지지파로 양분돼 있다. 이 전 대표 지지 의원은 이개호·이병훈 의원 등 7명, 정 전 총리 지지 의원으로는 안호영·김성주·신정훈 의원 등 5명이 꼽힌다. 이 지사를 지지하는 민형배 의원을 제외하면 나머지 절반(13명)은 관망세로 분류된다. 2017년 민주당 대선 호남 경선에서 문재인 대통령은 60.2%를 얻었는데 20대 총선 직전 문 대통령에 대한 호남 비토 기류가 완전히 뒤바뀌었다. 호남 경선 당시 안희정 전 충남지사, 이재명 경기지사, 문 대통령, 최성 전 고양시장(왼쪽부터) 오종택 기자 중립지대에 있는 의원들 중엔 특히 86그룹 출신이 많다. 전대협(전국대학생대표자협의회) 출신인 한병도·송갑석·김원이 의원도 마찬가지인데, 전대협 출신 이인영 통일부 장관(1기 의장), 임종석 전 대통령 비서실장(3기 의장) 등이 대선 행보를 시작하면 이들을 지지할 가능성이 있다. (※기사에 언급된 모든 여론조사의 자세한 내용은 중앙선거여론조사심의위원회 홈페이지 참조.) 김효성 기자 kim.hyoseong@joongang.co.kr",0
"이재명 경기도지사(왼쪽)과 윤석열 전 검찰종장. 오종택 기자, 연합뉴스 윤석열 전 검찰총장이 차기 대선후보 선호도에서 여권 후보와의 양자 대결에서도 오차 범위 밖 우위를 점했다는 여론조사 결과가 나왔다. 여론조사 전문기관 리얼미터가 YTN 의뢰로 지난 16일 전국 18세 이상 유권자 1011명을 대상으로 조사해 19일 발표한 조사에 따르면 윤 전 총장이 37.2%로 가장 높은 선호도를 보였다. 이재명 경기지사(21.0%)와 이낙연 전 더불어민주당 대표(11.0%)가 뒤를 이었다. 또 홍준표 무소속 의원 5.9%, 안철수 국민의당 대표 5.0%, 유시민 노무현재단 이사장 2.4%, 정세균 전 국무총리 2.4%, 유승민 전 국민의힘 의원 2.2%, 심상정 정의당 의원 1.7% 순이었다. 차기 대선주자 선호도. 그래픽=신재민 기자 shin.jaemin@joongang.co.kr 윤 전 총장을 선호하는 응답자는 국민의힘 지지층(68.0%)과 보수성향(54.6%)에서 많았다. 또 대구‧경북 거주자(42.1%), 60세 이상(51.0%)에서도 윤 전 총장을 차기 대선주자로 선호한다는 응답이 높았다. 이 지사를 선호하는 응답자는 민주당 지지층(45.8%)과 진보성향(40.2%)이 두드러졌다. 40대에서 35.0%로 다른 연령대에 비해 높은 지지율을 보였다. 윤 전 총장과 이 지사, 이 전 대표 간의 양자 가상대결 시 ‘윤 전 총장에게 투표하겠다’는 비율은 과반을 넘어섰다. 윤 전 총장은 이 지사와의 양자 가상대결에서 51.1%의 지지율을 얻어 32.3%를 얻은 이 지사를 18.8%p 차이로 앞섰다. 윤 전 총장과 이 전 대표의 양자 가상대결에선 윤 전 총장이 51.6%, 이 전 대표가 30.1%로 21.5%p 차이가 벌어졌다. 지역별로는 광주‧전라와 충청권을 제외한 지역에서 윤 전 총장에게 투표하겠다는 응답이 높은 비율을 보였다. 연령별로는 40대를 제외한 모든 연령대에서 윤 전 총장에게 투표하겠다는 응답이 절반 혹은 과반으로 나타났다. 이번 집계는 무선(90%)·유선(10%) 무작위 생성 표집틀을 통한 임의 전화걸기(RDD) 자동응답 방식으로 실시했다. 통계보정은 2021년 3월 말 행정안전부 주민등록 인구통계 기준 성, 연령, 권역별 가중치 부여 방식으로 이루어졌고, 표본오차는 95% 신뢰수준에서 ±3.1%p다. 응답률은 3.5%. 자세한 여론조사 내용은 중앙선거여론조사심의위원회 홈페이지를 참조하면 된다. 이가영 기자 lee.gayoung1@joongang.co.kr",1
"이낙연 전 더불어민주당 대표가 자가격리가 해제된 15일 서울 종로구 자택 앞에서 취재진의 질문에 답하고 있다. 오종택 기자 더불어민주당 이낙연 전 대표는 16일 “민주당의 우선 목표는 문재인 정부의 성공과 차기 민주당 정부로의 계승, 발전”이라고 말했다. 이날 이 전 대표는 자신의 페이스북에 이같이 밝히며 “이 둘은 따로가 아니라 하나다. 국민의 행복과 역사의 발전을 위한 길”이라고 밝혔다. 이 전 대표는 “이 목표 앞에 우리는 서로의 작은 차이를 용납하고 하나로 융화돼야 한다”며 “우리 내부의 분열주의적 기류를 억제하며 서로를 아끼고 존중해야 한다”고 강조했다. 또한 이 전 대표는 재보선 패배 이후 당내 논의와 관련해 “실패를 복기하고 발전을 모색하는 논의는 활발하게 진행돼야 한다”며 “변함없이 우리를 지지해준 당원 동지들의 헌신을 기억하고 이번에 우리에게서 마을을 돌렸던 분들의 선택을 깊이 헤아려야 마땅하다”고 말했다. 이어 “충분한 성찰 없이 성급하게 결론을 내리려 들면 방향이 흐트러질 수도 있다”며 “개인을 내려놓고 민주당의 깃발 아래 하나가 되자. 선당후사의 마음으로 국민의 재신임을 받는 일에 집중하자”고 덧붙였다. 아울러 “촛불혁명을 다시 생각하자”며 “자신을 태워 어둠을 밝히고 끝내 세상을 바꿨던 촛불처럼 우리 당원 모두가 같은 목표 앞에 하나의 불꽃으로 다시 타오르기를 소망한다”고 전했다. 이 전 대표는 이날 의원총회에서 선출된 윤호중 신임 원내대표에 대해 “특유의 추진력과 유연한 소통 능력으로 원내 과제들을 현명하게 풀어가시리라 기대한다”며 “5·2 전당대회로 지도부가 새로 구성되면 우리는 전열을 정비하고 하나의 목표를 향해 달려가야 한다”고 말했다. 그는 의총에는 불참했다. 이지영 기자 lee.jiyoung2@joongang.co.kr",1
"코로나19 자가격리에서 해제된 이낙연 더불어민주당 전 대표가 15일 오후 서울 종로구 경희궁자이 아파트 단지 지하주차장 앞에서 향후 행보 대한 취재진 질문에 답하고 있다. 2021.04.15 국회사진기자단 “나는문재인 정부에서 절반 이상 2인자를 했다. 내가 (문 대통령과) 다른 소리를 하는 것은 말이 되지 않는다.” 이낙연 전 더불어민주당 대표가 15일 오후 4·7 재·보선 중앙선대위 관계자를 비롯한 민주당 옛 지도부 소속 의원 25명 가량과 여의도 모처에서 만나 했다는 이야기다. 그는 이날 “문재인 정권의 정책 계승자가 되겠다”는 뜻을 밝히며 이런 말을 했다고 한다. 이 전 대표는 4·7 재·보선 당일부터 코로나 19 자가격리로 집 안에만 머물러왔다. 그런 그가 첫 외부 활동에서 ‘친문’ 정체성을 강조한 모양새다. 이 전 대표는 문재인 정부내에서 달성한 '최장수 국무총리 기록'을 언급하며“내가 대통령을 안 했으면 안 했지, 문 대통령을 배신할 수는 없다”는 취지의 발언을 했다고 한다. 참석자들에 따르면 이날 모임에선 이 전 대표를 향해 “이제 좀 더 분명하고 강한 인상을 줘야 한다”, “기존 쇄신론과 차별화를 해야 한다”는 건의가 나왔다. 그러자 이 대표가 “내가 동지들에게 고백할 것이 있다”며 “내가 안 했으면 안 했지 그건(차별화는) 못 한다. 내가 문재인 정부(기간 중) 절반 이상을 2인자(국무총리)를 했는데 내가 다른 소리를 하는 것은 말이 되지 않는다”고 주장했다고 참석자들은 전했다. 이낙연 전 더불어민주당 대표가 자가격리가 해제된 15일 서울 종로구 자택 앞에서 취재진 질문에 답한 후 차를 타고 있다. 2021.04.15 오종택 기자 이어 이 전 대표는 “정권 재창출이 문 대통령을 지키는 길”이라면서 “차별화는 이낙연답지 않다”는 점을 못 박았다. 한 참석자는“전과 다르게 이 전 대표가 작심한 듯 자기 생각을 강한 어조로 분명하게 이야기했다”면서“이제는 분명 제대로 된 목소리를 내야 할 때라고 판단한 것”이라고 전했다. 이날 모임에서는 “부동산 정책이나 방역, 청년 문제 등 보궐선거 패배 원인이 된 정책들에 대해 좀 더 공부하고 대안을 마련해야 한다”는 쪽으로 의견이 모였다고 한다. 이 전 대표는 앞서 주장해 온 ‘포지티브 차별화’ 개념을 강조하면서“현 정권에서 잘하지 못했거나 다소 실패한 정책들을 계승·발전시켜 제대로 추진해나가는 식의 포지티브 차별화는 적극적으로 하겠다”는 뜻을 밝혔다고 한다. 서울·부산 보궐선거 패배로 문 대통령과 민주당이 위기를 맞은 상황에서 이 전 대표는 일단 차별화 대신 현 정권 지지층의 계승·발전에 방점을 찍었다. 이 전 대표는 이날 자신의 페이스북에 “저는 당원의 한 사람으로서 민주당이 반성과 쇄신을 통해 국민의 신임을 다시 받는 일에 저의 모든 힘을 보태겠다”며 “더 넓게 뛰고, 더 많은 분들을 만나 말씀을 듣겠다”고 적었다. 심새롬·한영익 기자 saerom@joongang.co.kr 관련기사재보선 책임론 속…격리해제 이낙연 '만인보(萬人譜)' 성찰 고민선명해진 대선 양강구도···이재명 26% 윤석열 23% 이낙연 8%집값 남탓, 검수완박 강행…나만 옳다는 갈라파고스 민주당",1
"이낙연 더불어민주당 전 대표. 오종택 기자 8일 자가격리를 마친 이낙연 더불어민주당 전 대표가 “당원의 한 사람으로서 민주당이 반성과 쇄신을 통해 국민의 신임을 다시 받는 일에 모든 힘을 보태겠다”고 밝혔다. 이 전 대표는 이날 오후 페이스북을 통해 “8일간의 자가격리를 마치고 바깥으로 나간다”며 이같이 말했다. 그는 “집에 머물며 4·7 재보선을 함께 뛰어주신 의원과 당원들께 전화로 감사와 사과를 드렸다”며 “기대와 도움에 부응하지 못한 터에 그런 전화를 드리자니 면목이 없었지만 많은 분들이 오히려 민주당과 저를 위로하고 격려해주셨다”고 전했다. 이어 “특히 국민을 향한 정책을 더욱 세심하게 정돈하고 민생을 살려 우리 정부를 성공시켜야 한다는 말씀들을 많이 해 주셨다”며 “선거 결과로 나타난 국민의 마음을 더 잘 헤어리라고 충고해 주셨다”고 했다. 이 전 대표는 “민주당의 역사는 대한민국 민주주의 역사이고, 무수한 선배들의 희생과 숱한 패배 위에서 끝내 승리한 정당”이라며 “재보선 패배는 아프고 민주당이 직면한 과제들은 무겁지만 그래도 민주당은 국민께서 주신 뜻을 살피고 국민의 신뢰를 회복할 역량과 각오를 갖고 있다고 저는 믿는다”고 강조했다. 또 “국민의 삶에서의 행복이 저희가 추구해야 할 가치”라며 “더 넓게 뛰고 더 많은 분들을 만나 말씀을 듣겠다. 더 낮은 자세로 국민의 삶 속에 더 깊이 들어가겠다”고 밝혔다. 이 전 대표는 재보궐 선거일인 지난 7일 부인의 신종 코로나바이러스 감염증(코로나19) 확진자 접촉으로 자택 격리에 들어갔다. 선거 참패 책임으로 당 지도부와 함께 자리에서 물러난 이 전 대표는 당분간 공개 일정 없이 잠행을 이어갈 것으로 보인다. 김은빈 기자 kim.eunbin@joongang.co.kr",1
"이재명 경기지사(왼쪽)과 윤석열 전 검찰총장. 중앙포토 차기 대선주자 적합도 조사에서 이재명 경기지사와 윤석열 전 검찰총장의 양강 구도가 이어지고 있다. 엠브레인·케이스탯·코리아리서치·한국리서치는 12~14일 전국 18세 이상 남녀 1010명을 대상으로 전국지표조사(NBS)를 했다. 오차범위는 95% 신뢰수준에서 ±3.1% 포인트다. 15일 발표한 결과에 따르면 대선 지지도는 이재명 경기지사(26%), 윤석열 전 검찰총장(23%), 이낙연(8%) 더불어민주당 전 대표 순으로 나왔다. 윤 전 총장과 이 지사는 오차범위 이내의 접전이다. 대선 지지도 조사 결과. 엠브레인·케이스탯·코리아리서치·한국리서치 윤 전 총장은 지지도가 지난주 18%에서 5%포인트 급등했다. 이 전 대표는 지난주와 비교해 2% 포인트 하락했고, 이 지사는 2% 포인트 상승했다. 이 전 대표는 한 자릿수로 지지도가 내려앉았다. 안철수 국민의당 대표(4%), 홍준표 의원(3%), 유승민 전 의원(2%), 정세균 총리, 심상정 정의당 의원, 추미애 전 법무부 장관, 원희룡 제주지사, 황교안 전 총리(이상 1%) 등이 그 뒤를 이었다. 정당 지지도에서는 더불어민주당 30%, 국민의힘 29%, 국민의당 6%, 정의당 5% 순이었다. 지난주 4% 포인트 차이를 보였던 더불어민주당과 국민의힘의 지지율 격차는 1% 포인트 이내로 좁혀졌다. 자세한 내용은 중앙여론조사심의위원회 홈페이지를 참조할 수 있다. 이해준 기자 lee.hayjune@joongang.co.kr",0
"4·7재보선 선거일인 7일 이낙연 더불어민주당 상임선대위원장이 서울 여의도 국회에서 투표 독려 기자회견을 마친 후 고개숙여 인사를 하고 있다. 이 회견 직후 그는 아내 김숙희씨의 확진자 밀접접촉 소식을 듣고 1주일간의 공동 자가격리에 들어갔다. 뉴스1 “낮은 자세로, 드러나지 않는 곳에서 만인보(萬人譜)를 적겠다.”(이낙연 더불어민주당 전 대표) 고은 시인의 대표적 연작시집 제목 ‘만인보’는수없이 많은 사람(萬人)에 대해 적은 기록(譜)을 일컫는다. 이낙연 전 대표는 오는 15일 코로나19 자가격리 해제를 앞두고 주변에 민심 청취의 한 방법으로 만인보 기록 뜻을 내비쳤다고 한다. 그는 지난 8일 페이스북에“대한민국과 민주당의 미래를 차분히 생각하며, 낮은 곳에서 국민을 뵙겠다”고 적었다. “당분간 눈에 띄지 않게 사람들을 만나겠다”는 게 가까운 의원·참모진에 비춘 이 전 대표의 뜻이다. 상임선대위원장으로 4·7 재보선를 치른 그는 선거일 직전 부인이 코로나19 밀접접촉자로 분류되며 당의 참패와 지도부 총사퇴 과정을 전부 집에서 홀로 지켜봤다. 의도한 건 아니지만 패배의 상처가 깊은 당에선 그의 부재를 지적하는 말들이 나왔다. 이 전 대표는 지난해부터 총 7차례 코로나 19 자택 대기 및 자가격리를 겪었다. 당대표 경선에서 승리한 지난해 8·29 전당대회 때는 집에서 온라인 중계로 수락 연설을 하기도 했지만, 선거 참패 순간엔 생중계 연결도 어색한 일이었다. 패장이 침묵한 새민주당을 비롯한 여권에서는“이 전 대표가 그 (서울·부산 공천 검토) 때후보를 안 내는 것으로 승부를 걸었어야 했다”(유인태 전 의원)는 비난 여론이 고개를 들기 시작했다. 5선의 이상민 의원은 12일 라디오에 나와 “민심에 터를 잡았다면 대통령에게도 할 말을 하는 당대표로서의 리더십이 필요한데 그런 점에서는 (이 전 대표가) 미흡했다”고 공개 비판했다. 이낙연 더불어민주당 전 대표가 지난 2일 서울 여의도 국회에서 열린 중앙선대위 회의에서 생각에 잠겨 있다. 뉴스1 정치권에선 이번 선거 참패가 이 전 대표의 차기 대선 가도에 선명한 적신호를 켰다고 본다.지난해 전당대회 출마 선언 때부터 당내선 “이낙연의 명운은 4·7 재보선에 달렸다”는 말이 많았다. 이 전 대표의 측근 의원은“격리 해제돼 나오더라도 지금 무슨 목소리를 크게 낼 수 있겠느냐”면서 “최소한 차기 전당대회 이후 당이 안정될 때까지는 상황을 추스르는 자세가 필요한 때”라고 말했다. 이 전 대표 행보에 대한 구체적 언급은 피했다. 차기 당권 주자인 우원식·홍영표 의원이 13일 앞다퉈 이재명 경기지사를 면담한 건 민주당 대선 구도가 이재명 1강 체제로 재편, 이 전 대표의 설 자리가 좁아졌다는 방증이기도 하다. 당대표 기간 내내 “총리 시절”을 적잖이 언급했던 이 전 대표는 재보선 패배 입장문에서“문재인 정부 첫 국무총리, 더불어민주당 대표와 선거대책위원장으로서 제가 부족했다”고 세 직책을 아울러 사과했다. 이 전 대표는 극적 재기를 도모하느냐, 이대로 지지율 하락에 떠밀리느냐 기로에 서있다. 일각에선 ‘문재인 후광’ 탈출이 급선무라는 말도 나온다. 한 여권 인사는 “이 전 대표가 서울·부산무공천 당헌을 뒤집고, 전직 대통령 사면론을 빼 들었다 만 것은 당내 친문(친문재인) 그룹과 문파 당원들의 눈치를 본 결과”라며 “문재인 후광에만 기대려 한 패착이 지금 부메랑으로 돌아온 것”이라고 지적했다. 이 전 대표와 가까운 한 초선 의원은“재·보선 결과 호남에서 이 전 대표의 지지를 흡수할 가능성이 거론되던 정세균 총리나 추미애 전 법무부장관, 임종석 전 대통령비서실장 등도 적잖은 타격을 받았다”며“정책과 조직 차원에서 준비 기간이 길었던 만큼 아직 반등의 여지는 남아 있다”고 말했다. 이낙연 더불어민주당 전 대표가 지난달 서울 종로구 광장시장을 방문해 신종 코로나바이러스 감염증(코로나19) 여파로 어려움을 겪는 상인과 인사를 나누고 있다.뉴스1 리얼미터가 지난 10~11일 전국 18세 이상 1016명을 상대로 실시한 JTBC 의뢰 여론조사에서 이 전 대표는 12.3%로 윤석열 전 검찰총장(36.3%), 이 지사(23.5%)에 이어 3위를 기록했다. 아직은 선거 패배 전과 크게 다르지 않은 지지율이다. 심새롬 기자 saerom@joongang.co.kr 관련기사[김정하의 시시각각] 민주당만 몰랐다이재명도,이낙연도,이광재도…줄줄이 고개숙인 與 잠룡들미투로 시작돼 생태탕에 빠진 선거…부동산 이슈가 '올킬'",1
"윤석열 전 검찰총장이 지난 2일 오전 서울 서대문구 남가좌1동 주민센터에 차려진 2021 재·보궐선거 사전투표소에서 투표를 하고 있다. 임현동 기자 4·7 보궐선거 뒤 처음으로 진행된 '차기 대선주자 선호도 여론조사'에서 윤석열 전 검찰총장이 지지율 1위를 차지했다는 여론조사 결과가 12일 나왔다. 리얼미터가JTBC 의뢰로 지난 10~11일 전국 18세 이상 1016명을 상대로 실시한 차기 대권주자 선호도 조사에서 윤 전 총장은 36.3%를 기록했다. 이재명 경기도지사가 23.5%로 뒤를 이었다. 두 사람의 격차는 12.8%포인트로 오차범위(95% 신뢰수준에 ±3.1%포인트) 밖이다. 이재명 경기지사(왼쪽)과 이낙연 전 더불어민주당 대표. 연합뉴스 이 밖에 이낙연 전 더불어민주당 대표(12.3%),안철수 국민의당 대표(5.1%), 홍준표 무소속 의원(4.9%), 추미애 전 법무부 장관(3.2%), 정세균 국무총리(2.9%), 국민의힘 소속 유승민 전 의원(2.3%), 임종석 전 대통령 비서실장(1.5%), 김종인 전 국민의힘 비대위원장(0.6%) 순으로 뒤를 이었다. 연령대별로는 윤 전 총장이 ▶30대(34.3%) ▶50대(41.4%)▶60대 이상(47.6%) 등에서 높은 지지를 받았고, 이 지사는 40대 지지율이 31.7%로 가장 높았다. 지역별로는 ▶대구·경북(49.0%) ▶대전·세종·충정(44.6%)▶서울(38.8%) ▶부산·울산·경남(38.7%) 등에서 윤 전 총장 지지도가 높았다. 가상 양자대결에서도 윤 전 총장은 이 지사, 이 전 대표 등을 오차범위 이상으로 앞섰다. 윤 전 총장과 이 지사의 맞대결에서 윤 전 총장은 47.4%, 이 지사는 36%로 나타났다. 윤 전 총장은 이 전 대표와의 가상 맞대결에서도 50.9%로, 31.4%를 차지한 이 전 대표를 앞섰다. 한편윤 전 총장의 향후 거취에 대해서 ""국민의힘에 입당해 출마해야 한다""는 의견은 43.1%, ""제3세력으로 출마해야 한다""는 의견은 27.2%로 나타났다. 자세한 내용은 리얼미터나 중앙선거여론조사심의위원회 홈페이지 등을 참고하면 된다. 고석현 기자 ko.sukhyun@joongang.co.kr",1
"유인태 전 국회 사무총장. 우상조 기자 여권 원로인 유인태 전 국회 사무총장이 더불어민주당을 향해 “강성 지지층에 끌려다니면 희망이 없다”고 쓴소리를 했다. 9일 유 전 총장은 CBS라디오 ‘김현정의 뉴스쇼’에서 “그동안 강성 지지층의 요구를 전부 받아줘 (중도층이) 자꾸 떨어져 나가 당이 너무 이렇게 오그라든 것 같다”며 “어느 당이든 강성지지층에 끌려다니면 다 오그라들기에 강성지지층 요구에 끌려다녀서는 희망이 없다”고 말했다. 유 전 총장은 “국민의힘은 오그라들 대로 들었는데 어쨌든 김종인 비상대책위원장이 와서 많이 폈다”며 “그런데 민주당은 더군다나 지난 총선에서 압승해 놓고는 오그라뜨리는 역할을 계속했다”고 설명했다. 진행자가 ‘대선 구도에는 어떤 변화가 있을 것으로 보느냐’고 묻자 유 전 총장은 “사실 이낙연 대표가 원래 친문지지 기반이 제일 컸다”며 “거기(강성 지지자) 눈치 보지 말고 당헌 개정 거부하고, 친문 지지가 떨어져 나가서 못 하게 생겼으면 그만두든지 하여튼 한번 그때 베팅을 해 볼 만한 것”이라고 아쉬워했다. 그러면서 “이낙연 전 대표가 눈치 보지 말고 후보 안 내는, 당헌 개정을 거부하는 베팅을 그때 해 볼 만했는데 그냥 끌려가서 후보를 내서 참패했다”며 “이제 이낙연 전 대표 앞날이 조금 어려워졌다”고 지적했다. 유 전 총장은 “여튼빈자리가 생겼기에 정세균 총리가 조만간 그만둘 것이고 586 젊은 친구들 중에도 몇몇이 등판할 것”이라며 이낙연 전 대표가 밀려나면서 생긴 공간을 정 총리와 586들이 치고 올라올 가능성이 높다고 판단했다. 586정치인 실체에 대해 유 전 총장은 구체적 언급을 피하면서도 “이인영 통일부 장관은 남북관계 업적이 없어 본인이 사양하는 모양이고 이광재 의원도 ‘우리 한번 동반 출격을 해 보자’는 말을 주변에서 권하는 것 같다”며 이광재 의원, 임종석 전 대통령 비서실장 등이 이름이 오르내리고 있다고 소개했다. 이지영 기자 lee.jiyoung2@joongang.co.kr",0
"4·7 재·보궐선거에서 참패를 당한 더불어민주당의 차기 대선 후보들이 8일 일제히 머리를 숙였다. 이재명 경기지사는 8일 자신의 페이스북을 통해 “국민께 더 가까이 다가가고, 더 절박하게 아픔을 나누고, 문제 해결을 위해 더 치열하게 성찰하겠다”고 밝혔다. 오종택 기자 여권에서 차기 대선주자 여론지사 지지율 선두인 이재명 경기지사는 이날 오전 자신의 페이스북을 통해“준엄한 결과를 마음 깊이 새기겠다”고 밝혔다. 이 지사는“당의 일원으로서 무거운 책임감을 느낀다”며 “국민께 더 가까이 다가가고, 더 절박하게 아픔을 나누고, 문제 해결을 위해 더 치열하게 성찰하겠다”고 적었다.박영선·김영춘후보 등 낙선한 후보들을 향해선 “어려운 상황에서도 최선을 다해주셨다. 위로의 말씀을 전한다”고 덧붙였다. 이낙연“제 책임이 크다” 이낙연 전 더불어민주당 대표는 8일 페이스북을 통해 “저의 책임이 크다. 당원과 지지자를 포함한 국민 여러분께 사과드린다”며 “성찰의 시간을 갖겠다”고 밝혔다. 오종택 기자 이낙연 전 더불어민주당 대표도 페이스북에 “존경하는 국민 여러분의 결정을 무겁게 받아들인다”며“4·7 재보선으로 표현된 민심을 겸허하게 수용한다”고 적었다. 이 전 대표는 이어 “저희들이 부족했다. 국민의 실망과 분노를 제대로 헤아리지 못했다. 국민의 삶의 고통을 충분히 살피지 못했다”고 했다. 이 전 대표는“저의 책임이 크다. 당원과 지지자를 포함한 국민 여러분께 사과드린다”라고도 했다.이 전 대표는“문재인 정부 첫 국무총리, 민주당 대표와 선거대책위원장으로서 제가 부족했다”며“성찰의 시간을 갖겠다. 대한민국과 민주당의 미래를 차분히 생각하며, 낮은 곳에서 국민을 뵙겠다”고 밝혔다. 이광재“뼈아픈 결과”…박용진 “총사퇴 불가피” 더불어민주당 소속 이광재 의원(사진 왼쪽)과 박용진 의원. 임현동 기자 여권의 잠재적 대선주자로 꼽히는 이광재 민주당 의원은 자신의 SNS에 “선거 결과를 뼈아프게 받아들인다. 국민 여러분들의 마음을 얻지 못했다”고 적었다. 이 의원은 “그동안 부산 곳곳의 시민들을 만나면서, 민심이 어디를 향하고 있는지 또 깨달았다”며 “정치의 본질은 내 이웃의 아픔을 해결하는 것이다. 저부터 민심의 바다로 들어가겠다”고 밝혔다. 당 쇄신을 촉구하는 목소리도 나왔다. 이미 대선 출마 의사를 밝힌 박용진 민주당 의원은 이날 오전 CBS 라디오‘김현정의 뉴스쇼’에 출연해 지도부 총사퇴 가능성에 대해“개인적으로는 불가피하지 않을까 하는 생각이 든다”고 말했다. 박 의원은 또 “새 인물, 새 노선, 정권 재창출에 대한 자신감 등이 확인되고 분출되어야 한다”며 “그렇지 않고 영혼 없는 반성 멘트, 하나 마나 한 말로만의 혁신 이야기, 이런 거로 끝난다면 대통령 선거도 자신할 수 없다”고 강조했다. 오현석 기자 oh.hyunseok1@joongang.co.kr",1
"지난 7일 오전 국회에서 투표 독려 기자회견을 마친 후 인사를 하고 있는 이낙연 더불어민주당 상임선대위원장. 오종택 기자 이낙연 더불어민주당 상임선거대책위원장이 8일 “저의 책임이 크다”며 “문재인 정부 첫 국무총리, 민주당 대표와 선거대책위원장으로서 제가 부족했다”고 밝혔다. 이 위원장은 이날 오전 자신의 페이스북 글을 통해 “당원과 지지자를 포함한 국민 여러분께 사과드린다”며 패배를 인정했다. 그는 “4·7 재보선으로 표현한 민심을 겸허하게 수용한다”며 “저희들이 부족했다. 국민의 실망과 분노를 제대로 헤아리지 못했다. 국민의 삶의 고통을 충분히 살피지 못했다”고 반성했다. 이 위원장은 “저는 성찰의 시간을 갖겠다. 대한민국과 민주당의 미래를 차분히 생각하며, 낮은 곳에서 국민을 뵙겠다”며 “민주당 또한 반성과 쇄신의 시간을 갖게 될 것”이라고 했다. 이낙연 더불어민주당 상임선대위원장이 8일 자신의 페이스북에 올린 글. 페이스북 캡처 선거 패배로 이 위원장의 입지가 좁아질 것이라는 분석이 나온다. 당내에선 “주된 패인으로 거론되는 무리한 검찰개혁과 부동산 정책 강행도 이 위원장이 결정한 것 아니냐”는 추가 책임론이 제기될 듯한 분위기다. 한편 민주당은 이날 오전 화상 의원총회를 열고 4·7 재보궐선거 참패에 따른 당 지도부 거취 문제와 후속 대책을 논의한다. 김태년 당대표 직무대행은 전날 회의에서 선거 패배에 대한 책임으로 사퇴 의사를 내비친 것으로 전해졌다. 다만 이에 따른 리더십 공백이 우려돼 질서있는 퇴진으로 의견이 모인 상태로 알려졌다. 한영혜 기자 han.younghye@joongang.co.kr",0
"더불어민주당의 4·7 재·보선 충격적 참패로 정권 재창출을 위한 차기 경쟁 구도에도 변화가 불가피해졌다. 이재명 경기도지사와 이낙연 전 민주당 대표 둘을 중심으로 전개돼 온 경쟁 양상이 당분간은 이 지사의 확실한 1강 체제로 전환될 가능성이 크다. 이 지사에 비해 이 전 대표가 입을 상처가 훨씬 더 크기 때문이다. 발 무거워진 여권 대선주자들이낙연, 공천 강행 명분·실리 잃어이재명, 당 참패가 본선엔 악재로정세균, 곧 총리직 내놓고 출사표추미애, 강성지지층 제3 후보 거론 그동안 당 안팎에서 “이번 선거는 이낙연의 선거”란 말이 돌았다. 상임선대위원장으로 선거를 진두지휘했기 때문만은 아니다. 이 전 대표는 고(故) 박원순 서울시장과 오거돈 전 부산시장의 성추행에서 비롯된 이번 보궐선거의 공천을 결정했다. ‘민주당 인사의 중대한 귀책사유로 인한 선거엔 후보를 내지 않는다’는 기존 당헌을 개정키로 한 그의 결정은 당시엔 ‘정치적 승부수’로 여겨졌다. 여권 대선주자들 관련기사“봄이 왔다” 쪽지 받은 윤석열, 합당 나서는 안철수 하지만 이는 결과적으로 명분과 실리를 모두 잃는 악수(惡手)가 됐다. 새해 벽두에 전직 대통령 사면론을 제기했다가 역풍을 맞은 것보다 더 큰 치명타가 될 수도 있다. 당내에선 “주된 패인으로 거론되는 무리한 검찰개혁과 부동산 정책 강행도 이 전 대표가 결정한 것 아니냐”는 추가 책임론이 제기될 듯한 분위기다. 지지율도 답보상태였다. 한국갤럽 조사(3월 30일~4월 1일)에서 이 전 대표의 지지율은 7%까지 내려앉았다. 익명을 요구한 한 여론조사 전문가는 “석패도 아닌 완패는 이 전 대표에게 치명상”이라며 “이 전 대표가 주저앉으면 그 빈자리에서 새로운 흐름이 시작될 수 있다”고 말했다(※자세한 여론조사 결과는 중앙선거여론조사 심의위원회 홈페이지 참조). 이 전 대표는 7일 밤 입장문을 통해 ＂국민의 마음을 얻기에 저희가 크게 부족했다”고 밝혔다. 하지만 이 전 대표 주변엔 “보병전을 강조하며 손수 유세 현장 곳곳에서 최선을 다한 것을 지지자들은 알 것”이란 기대감이 아직 살아 있다. 이 전 대표 본인 역시 당분간 자신을 낮추며 반전 모색을 꾀할 전망이다. 상대적으로 이 지사는 출혈이 적었다. 그간 당 외곽에서 활동했던 탓에 상대적으로 선거 참패 책임에서 자유롭다. 또 선거운동 기간에는 박영선·김영춘 후보를 측면 지원하면서 당내에서 “할 수 있는 성의를 다했다”는 평가도 받았다. 이번 참패의 빌미가 된 한국토지주택공사(LH) 투기 의혹을 두고도 이 지사 주변에선 “매를 먼저 맞는 게 낫다. 이런 일이 올가을에 터졌다면 어쩔 뻔했느냐”는 말이 나온다. 높은 지지율을 토대로 당내 차기 경쟁에서 당분간 단독 드리블을 이어갈 수 있다. 하지만 본선을 생각하면 민주당의 패배가 이 지사 입장에서도 위기다. 이 지사와 가까운 의원은 “혹자는 재·보선 참패가 이 지사에게 이득이라고 하지만, 이는 당 이외엔 기댈 곳이 없는 우리 입장을 몰라서 하는 소리”라며 “결국 당이 살아야 이 지사도 살 수 있다”고 말했다. 대선후보 경선 연기론 또 나올 수도 이 지사는 당분간 ‘기본주택’ 등 자신의 정책 대안을 통해 부동산 정책에 화난 민심을 달랜다는 구상이다. 현직 도지사인 이 지사가 직접 당 위기에 개입할 방법도 없다. 당 위기 해법을 둘러싼 논란 속에 당초 7~9월로 예정된 대선후보 경선 일정 연기론이 다시 불거질 수 있다는 점은 고민거리다. 실제로 이 지사 견제를 위해 친문 세력이 경선 연기론으로 게임의 룰을 바꾸려 한다면 양측 간엔 사생결단식의 갈등이 빚어질 것이란 관측도 나온다. 이른바 ‘친문 제3후보론’도 있다. 그간 ‘이재명 대(對) 이낙연’ 구도에선 문재인 정부 총리를 지낸 이 전 대표가 당 주류들과 훨씬 원만한 관계였다. 하지만 양강 구도의 붕괴를 계기로 이 전 대표의 자리를 노린 새로운 친문 후보들이 등장을 예고하고 있다. 이 전 대표의 자리를 호시탐탐 노리는 이가 정세균 국무총리다. 정 총리는 다음 주로 예정된 이란 출장을 마치는 대로 문재인 대통령에게 사의를 밝힌 뒤 곧 출사표를 던질 예정이다. 그는 출신(호남)·경력(총리)이 겹치는 이 전 대표와 그동안 묘한 라이벌 관계를 형성해 왔다. 온화해 보이는 외모와 달리 권력 의지와 근성이 강하다. 코로나 위기 극복에 온몸을 던졌다는 점을 앞세울 것으로 보이지만, 본인의 총리 재임 기간 국정 지지도가 하락세로 접어든 것이 부담이다. 공직자 부동산 투기 사태의 책임으로부터도 자유롭지 않다. 또 다른 ‘제3후보’ 주자로 거론되는 건 추미애 전 법무부 장관이다. “더 강한 개혁을 하지 못해 재·보선에서 패배했다”고 주장하는 강성 지지층에선 추 전 장관이 이미 대안으로 거론된다. 본인도 “국민께서 인정하고 부르시면 나갈 준비를 하고 있다”며 출마 의사를 밝힌 상태다. 다만 중도층에 대한 확장성이 떨어지는 건 고질적인 약점으로 거론된다. 이광재, PK에 공들이며 외연 확장 선거 기간 부산에 상주했던 이광재 민주당 의원의 부상 가능성도 거론된다. 강원 출신인 이 의원이 PK(부산·경남)에 공을 들이며 외연을 확장했다는 평가다. 당 안팎에선 임종석 전 대통령비서실장, 이인영 통일부 장관, 김두관·박용진 의원 등도 거론된다. 대선후보들의 움직임에도 당분간 한계가 불가피하다. 당 위기가 수습되지 않은 상황에서 외곽 조직을 공개적으로 꾸리거나 지지를 호소하기가 쉽지 않다. 오현석 기자 oh.hyunseok1@joongang.co.kr",0
"더불어민주당 이낙연 공동 상임선대위원장이 7일 오전 국회에서 4·7 재보궐선거 투표 독려 기자회견을 하고 있다. 연합뉴스 이낙연 더불어민주당 공동 상임선대위원장이 부인의 신종 코로나바이러스 감염증(코로나19) 확진자 밀접접촉으로 7일 서울 여의도 당사의 재보선 개표상황실에 나오지 못하게 됐다. 민주당은 7일 오후 ""이 위원장의 부인이 밀접접촉자로 분류돼 이달 15일까지 자가격리에 들어간다""며 ""이 위원장도 질병관리청의 권고에 따라 부인과 함께 자가격리를 한다""고 밝혔다. 민주당은 이 위원장의 자가격리가 의무사항은 아니나 질병관리청의 권고에 따라 자가격리에 들어가는 것이라고 설명했다. 질병관리청은 밀접접촉자가 음성 판정을 받더라도 동거인의 경우 밀접접촉자와 함께 자가격리할 것을 권고하고 있다. 이 위원장의 부인은 이날 오전 코로나19 검사를 받았고 오후 음성 판정을 받았다.이 위원장은 이날 오전 국회에서 열린 투표 독려 기자회견에 참석한 뒤 김 여사의 확진자 접촉 사실을 방역당국으로부터 통보받은 것으로 알려졌다. 정혜정 기자 jeong.hyejeong@joongang.co.kr",0
"이낙연 민주당 상임선거대책위원장이 6일 서울 종로구 동화면세점 앞에서 열린 광화문 집중유세에서 박영선 서울시장 후보의 지지를 호소하고 있다. 오종택 기자 이낙연 더불어민주당 상임선대위원장은 4·7 재·보선 공식 선거운동 마지막 날인 6일 서울시장 선거 총력전에 나섰다. 이 위원장은 이날 오전 CBS 라디오‘김현정의 뉴스쇼’에서“3% (포인트 차이) 내외의 박빙 승부를 꽤 오래전부터 예측했다”고 주장했다.이어“그동안의 여론조사를 보면 우리 쪽(민주당 지지자) 응답률이 현격히 낮았는데 (지금은) 우리에게 (지지를) 표현하고 있다”며“이길 수도 있을 것”이라며 역전 가능성을 언급했다. 이 위원장은 이날 서울 강동구 강동우체국 앞 유세에선 “만약에 선거가 잘못되면 여러분은 자식에게 ‘거짓말하지 말고 정직하게 살아라’는 말을 못하게 될지 모른다”며 오세훈 국민의힘 후보를 비판했다. 지난달 9일 기자회견때 했던 “주민들이 현명하게 판단해주길 기대한다”는 발언과 비교하면 그의 메시지가 훨씬 더 절박해졌다. 보선 결과에 정치적 명운 걸린 李 이번 보선은 두 전직 시장의 성추행 사건 때문에 실시되기 때문에 민주당 안팎에선 무공천론도 있었다. 하지만 이 위원장은 당 대표로서 지난해 11월 ‘소속 단체장 중대 비위 시 무공천’ 을 규정한 당헌의 개정을 주도했다. 그는 당시 “후보 공천을 통해 시민의 심판을 받는 게 책임 있는 공당의 도리”라는 명분을 내세웠다. 정치권에선 이 위원장의 정치적 승부수란 해석이 많았다. 이낙연 상임선대위원장(가운데)과 김태년 당 대표 직무대행 등이 3월 17일 부산 해운대 엘시티를 방문해 박형준 국민의힘 후보의 보유 의혹에 대해 제기하고 있다. 송봉근 기자 그러나 막상 여론조사에서 민주당 후보들이 국민의힘 후보들과의 격차를 좁히지 못하자 이 위원장은 서울과 부산을 오가며 동분서주했다. 배철호 리얼미터 수석전문위원은“이 위원장에게 4·7 재·보선은 대선 입지를 다지기 위한 시험대였을 것”이라며“결과에 따라 정치적 입지가 확연히 달라질 수 있다”고 말했다. 신승하면 재평가받을 듯 만약 서울·부산시장 보선 중 한 곳에서라도 승리할 경우 이 위원장에 대한 재평가론이 등장할 수 있다. 역대 대선주자들이 어려운 선거를 뒤집어 정치적 입지를 다진 것처럼 이 위원장도 그런 기회를 잡을 수 있다. 청와대 출신 민주당 의원은 “어려운 선거에 등판해서 끝까지 책임지며 최선을 다했다는 긍정적 평가가 있을 것”이라며 “다소 정체된 대선주자 지지율도 반등할 가능성이 있다”고 말했다. 문재인 정부 초대 국무총리를 지낸 이낙연 민주당 상임선대위원장(오른쪽)의 대선주자 지지율은 문재인 대통령 국정운영 평가와 연동되어 있단 평가가 많다. 연합뉴스 민주당 대선주자 적합도를 묻는 리서치뷰 여론조사(3월 28~31일)에서 이 위원장은 16%로 같은 여론조사업체의 지난해 9월 조사 당시 지지율(34%)보다 18%포인트 하락했다. (※자세한 사항은 중앙선거여론조사심의위 홈페이지 참조) 석패 시 드리울 먹구름 민주당이 서울·부산 선거에서 한 자릿수 차이로 석패할 경우 ""이 위원장이 대선주자로서의 입지는 유지하겠지만 지지율 반등 기회를 찾기는 어려울 것""이란 분석이 많다. 부산 여성단체들이 지난해 11월 민주당의 당헌 개정 후 부산시장 보선 공천방침에 항의하고 있다. 송봉근 기자 이럴 경우 이 위원장은 대국민 사과메시지를 낸 뒤 일종의 휴식기를 가지며 향후 행보를 고심할 가능성이 크다.이 위원장 측 인사는 “석패를 하면 이 위원장이 최선을 다해 선거에 임했다는 평가는 받게될 것""이라고 말했다. 완패하면 호남 후보 교체론까지 서울·부산 모두 두 자릿수 격차로 완패할 경우 이 위원장의 입지가 크게 좁아들 수밖에 없다는 관측이 나온다.친문 성향의 의원은“단순히 선거 책임론뿐만 아니라 7개월짜리 단기 대표직을 수행하며 당을 잘못 이끌었다는 문제도 제기될 수 있다”고 말했다. 정세균 국무총리(왼쪽) 지난 2월 국회에서 열린 제2차고위당정협의회에서 발언하고 있다. 오른쪽은 이낙연 민주당 상임선대위원장. 우상조 기자 호남권의 지지가 흔들릴 수 있단 전망도 나온다. 같은 호남 출신 경쟁자로 꼽히는 정세균 국무총리나 임종석 전 대통령비서실장에게로 지지가 넘어갈 가능성이다. 익명을 요구한 정치평론가는 “전략적 판단을 하는 호남 유권자로선 실력을 입증하지 못한 이 위원장에 대한 지지를 철회할 수 있다""고 말했다. 김효성 기자 kim.hyoseong@joongang.co.kr",1
