date,title,press,reporter,content,summary,sentiment
2021.03.20.,"이규민 ""서울시 보편적 재난지원금이 매표행위? 서울시민 모독하나""",프레시안,이명선,"박영선 서울시장 후보의 '서울시민 10만 원 보편적 재난지원금 지급' 공약과 관련해 국민의힘 측에서 '포퓰리즘' '매표 행위' 등의 비판을 쏟아내고 있다. 이에 대해 더불어민주당 이규민 의원이 ""지난해 1차 재난기본소득 당시 사용된 보편지원은 경기부양 효과 면에서 선별지원과는 비교할 수도 없는 탁월함을 입증한 바 있다""며 보편적 재난지원금을 옹호하며 지원 사격에 나섰다. 이 의원은 19일 자신의 페이스북에 ""탁월한 경제 활성화 효과가 입증된 정책임에도 국민의 힘은 '무차별 현금살포', '달콤한 매표행위', '표 구걸' 등과 같은 막말에 가까운 원색적인 비난을 쏟아냈다""며 ""주장을 뒷받침할 만한 아무런 근거나 반론 은 물론 상대 당에 대한 최소한의 품격조차 갖추지 않은 채 막말을 앞세워 반대를 위한 반대만을 하고 있는 국민의 힘의 모습에 참담함을 느낀다""고 비판했다. 이 의원은 이재명 경기도지사가 추진한 보편적 재난지원금 사례를 들며 ""경제 활성화 효과가 입증된 경기도 재난기본소득과 마찬가지로 서울시 경제 활성화에 큰 도움이 될 것으로 기대된다""고 했다. 이 의원은 전국민 보편 지급이 시행됐던 1차 재난지원금 효과에 관한 경기연구원의 분석 결과를 언급하며 ""재난지원금 지급액에 더한 추가소비효과만 45.1%에 달했다. 외국의 유사 사례들 대비 1.8배 수준의 높은 경제 활성화 효과를 보인 것이다. 반면 선별 현금 지급한 2차 재난지원금은 통계상으로도 체감 상으로도 경기활성화 효과를 발견하기가 어려웠다""고 주장했다. 이 의원은 또 ""양극화 완화 측면에서도 1차 보편지급 후인 지난해 2분기에는 모든 계층의 가계소득(전년 대비)이 증가하고 전체 가계 소비지출이 2.7%가 상승했다""며 ""이와 대조적으로, 2차 선별지급 후에는 근로소득의 경우 최하위인 1분위는 마이너스 13.2%를 기록하고 소득격차를 보여주는 '균등화처분가능소득' 5분위 배율도 전년 동기 4.64배에서 4.72배로 악화된 바 있다. 즉 보편지원이 어려운 계층에도 더 소득 효과가 컸던 것""이라고 주장했다. 이 의원은 ""이 같은 결과를 무시한 채 재난지원금 보편지급을 아무런 근거 없이 원색적인 언어로 비난하는 것은 제1야당으로서의 올바른 자세가 아니다""라며 ""특히 '매표행위'라는 비난은 유권자를 '주체적 존재'로 인식하지 않고 '수동적 객체'로 취급하는 편협한 사고방식으로, 서울 시민을 모독하는 처사""라고 지적했다. 이 의원은 ""국민의 힘의 말처럼 '무차별 현금살포'를 하는 후보에게 표를 던질 만큼 의식 낮은 서울 시민들이 아니다""라고 반박했다.","불공정 포퓰리즘 정책이라며 '서울시민 10만 원 보편적 재난지원금 지급' 공약을 비판했다. 이에 대해 더불어민주당 이규민 의원이 ""당시 사용된 보편적 재난지원금은 경기부양 효과 면에서 선별 지원과 비교할 수도 없는 탁월함을 입증한 바 있다""며 보편적 재난지원금을 옹호했다. 이 의원은 경기도의 보편적 재난지원금과 마찬가지로 서울시 경제 활성화에 큰 도움이 될 것으로 기대된다고 했다.",0.964805245
2021.02.22.,"文대통령 ""4차 재난지원금 폭넓고 두텁게 3월중 집행해야""",프레시안,서어리,"문재인 대통령이 4차 재난지원금과 관련해 ""폭 넓고 두텁게 지원되도록 하겠다""면서 3월 중 집행을 당부했다. 문 대통령은 22일 오후 청와대에서 열린 수석·보좌관 회의에서 ""4차 재난지원금은 피해계층 지원과 저소득 취약계층 보호, 고용위기 극복 등을 위해 사각지대를 최소화하며 최대한 폭 넓고 두텁게 지원되도록 하겠다""고 밝혔다. 이날 더불어민주당 김태년 대표가 ""3월 말부터 지급할 수 있도록 신속하게 추경을 편성하겠다""면서 신속한 추경 편성을 정부에 요청한 데에 문 대통령이 궤를 같이 한 셈이다. 당정청은 이번 주까지 여러 채널을 통해 협의를 이어갈 계획이다. 문 대통령은 또 ""지난해 4분기 가계동향조사 결과를 보면 코로나 상황이 가계소득에 큰 부담이 되었다는 것을 확인할 수 있다""면서 ""특히 저소득층인 1?2분위에서 근로소득이 크게 감소했고, 경제 활동 위축과 방역 조치 강화로 소상공인 자영업자들의 사업소득도 줄어들었다""고 우려했다. 그러면서도 전체 가계소득이 늘어난 것은 정부의 적극적인 정책 대응 덕분이라면서, ""앞으로도 정부는 재정의 적극적 역할을 더욱 강화해 나가겠다""고 했다. 문 대통령은 이어 ""코로나로 어려운 상황 속에서도 벤처기업의 혁신과 도전은 계속되고 있다""면서 벤처·스타트업의 성장을 독려했다. 문 대통령은 ""벤처 투자와 벤처 펀드 결성액 모두 역대 최대 규모를 달성했다""면서 ""주가 3000시대를 열며 주식시장의 성장을 이끈 동력 역시 벤처기업""이라고 했다. 그는 ""벤처가 우리 경제의 미래이며 일자리의 새로운 보고""라면서 ""정부는 한국판 뉴딜과 2050 탄소중립을 국가 전략으로 추진하면서 벤처?스타트업을 선도형 경제의 주역으로 집중 육성할 것""이라고 밝혔다. 아울러 최근 벤처 창업가들의 기부 행렬을 언급하며 ""혁신과 도전의 상징인 벤처기업가들이 새로운 기부문화를 창출하고 있어 매우 뜻 깊다""면서 ""자수성가하여 이루어낸 부를 아낌 없이 사회에 환원하는 모습에 국민들과 함께 큰 박수를 보낸다""고 했다. 문 대통령은 이어 ""드디어 이번 주부터 백신 접종이 시작된다""며 ""요양병원과 시설 종사자와 입소자 등 우선순위에 따라 신속하고 안전하면서도 체계적으로 백신 접종이 이루어지도록 할 것""이라고 했다. 이어 ""백신 접종이 시작되더라도 방역에는 한 치의 소홀함도 없어야 하겠다""며 ""경각심을 잃지 말고 방역수칙 준수에 모두 힘을 모아 주시기 바란다""고 했다. 그러면서 ""정부도 최근 코로나가 집단 발병하고 있는 사업장과 시설에 대해 집중 점검을 실시하는 등 확산세 차단에 총력을 기울이겠다""면서 ""다음 주부터 초?중?고 등교수업이 예정되어 있는 만큼 더욱 긴장감을 갖고 방역 관리에 만전을 기해주기 바란다""고 당부했다. 한편, 사퇴 논란 후 ""거취를 대통령께 일임하겠다""고 밝힌 신현수 청와대 민정수석은 이날 회의에 모습을 드러내 관심이 집중됐다.","문재인 대통령은 22일 청와대에서 열린 수석·보좌관 회의에서 4차 재난지원금은 피해 계층 지원과 저소득 취약계층 보호, 고용위기 극복 등을 위해 최대한 폭 넓고 두텁게 지원되도록 하겠다고 밝혔다. 문 대통령은 저소득층의 근로소득이 크게 감소했고, 경기 위축과 방역 조치 강화로 소상공인, 자영업자들의 사업소득도 줄어들었다면서 전체 가계소득이 늘어난 것은 정부의 적극적인 정책 대응 덕분이라면서 앞으로도 재정의 적극적 역할을 더욱 강화해 나가겠다고 밝혔다. 문 대통령은 특히 최근 벤처 창업가들의 기부 행렬을 언급하며 ""자수성가하여 이루어낸 부를 사회에 환원하는 모습에 국민들과 함께 박수를 보낸다""고 말했다.",0.977440536
2021.02.19.,"이낙연 ""폭넓고·두텁고·신속한 재난지원금 지급 대통령에 건의할 것""",프레시안,박정연,"선별 지급으로 가닥을 잡은 뒤에도 4차 재난지원금 규모와 지급시기 등을 놓고 당정 조율이 완료되지 못한 가운데, 이낙연 더불어민주당 대표는 19일 ""며칠 내 윤곽이 잡힐 것""이라고 했다. 이 대표는 이날 문재인 대통령과 여당 지도부간 간담회에 앞서 열린 최고위원회의에서 ""지금은 과거 발상을 뛰어넘는 비상한 대응이 필요한 시기""라며 ""방역과 민생경제 회복이 당면 현안이기 때문에 이 문제를 (간담회에서) 중점적으로 논의하게 될 것""이라고 말했다. 그는 ""사각지대를 최소화해서 폭넓게 지원하고, 피해 회복에 실질적 도움이 되도록 두텁게 지원하며, 추가경정예산 처리와 집행이 신속히 이뤄져야 한다""며 ""오늘 그런 내용을 (문 대통령에게) 건의하겠다""고 말했다. 그는 ""당정 협의에 속도를 내겠다""고 덧붙였다. 이어 이 대표는 ""야당은 이번 재난지원금 지급을 선거용이라며 비판하는데, 선거가 가까워지면 국민의 고통을 외면해야 옳다는 것이냐""면서 ""그것이야말로 선거용이 아닌지 야당에 묻고 싶다""고 했다. 이날 문 대통령과의 간담회에는 이 대표와 김태년 원내대표, 김종민·염태영·노웅래·신동근·양향자 최고위원 등이 참석한다. 지난해 8월 전당대회에서 선출된 지도부가 문 대통령과 자리를 함께 하는 것은 이번이 처음이다. 간담회에선 코로나19 확산에 따른 방역 및 백신 등 대응과 2월 임시국회 주요 입법, 4차 재난지원금 등 각종 현안에 대한 논의가 이뤄질 전망이지만, 관심이 쏠린 신현수 청와대 민정수석의 거취 문제나 검찰 인사와 관련된 논의도 오갈지 주목된다.","더불어민주당이 선별 지급으로 가닥을 잡은 4차 재난지원금 규모와 지급시기 등을 놓고 당정 조율이 완료되지 못한 가운데, 이낙연 더불어민주당 대표는 19일 ""며칠 내 윤곽이 잡힐 것""이라고 했다. 이 대표는 이날 문재인 대통령과 여당 지도부간 간담회에 앞서 열린 최고위원회의에서 방역과 민생경제 회복이 당면 현안이기 때문에 이 문제를 중점적으로 논의하게 될 것이라고 말했다. 이날 문 대통령과의 간담회에는 이 대표와 김태년 원내대표, 김종민·염태영·노웅래·신동근·양향자 최고위원 등이 참석한다.",0.293597162
2021.02.14.,"4차 재난지원금 '선별 지급' 가닥…""3월 지급"" 속도전",프레시안,임경구,"더불어민주당과 정부가 코로나19 대응을 위한 4차 재난지원금 지급 방식으로 소상공인과 자영업자 등 피해 계층에 대한 선별 지원을 우선 추진하기로 가닥을 잡았다. 전 국민을 대상으로 하는 보편 지원은 그 이후 추진키로 했다. 14일 저녁 4차 재난지원금에 소요되는 추가경정예산 편성을 위한 당정협의를 앞두고 이낙연 대표는 기자들과 만나 ""경기 진작용 지원은 코로나 추이를 보며 협의하더라도, 어려운 국민을 위한 맞춤형 지원은 넓고 두텁게 이뤄지도록 정부에 요구할 것""이라고 밝혔다. 경제적 피해자들에 대한 지원 규모를 늘리기 위해 기획재정부가 요청한 '선별 지원' 방식을 수용하되, 경기 진작을 위한 보편적 지원 방식은 추후 추진하겠다는 것이다. 이 대표는 ""3월 내에 4차 재난지원금을 지급할 수 있도록 서두를 것""이라며 이 같이 말했다. 이로써 전 국민 지원 방식과 병행 추진하겠다는 기존 입장에서 한 발 물러나는 대신, 선별 지원의 지급 시기를 3월로 앞당기고 규모를 늘리는 절충안이 가시화될 전망이다. 김태년 원내대표도 기자간담회에서 ""3차 대유행 피해를 신속 지원하기 위해 맞춤형 피해 지원부터 논의하겠다""면서 ""내수진작용 지원은 코로나 진정 상황을 보면서 논의하겠다""고 했다. 그는 ""2월 중에 추경안을 편성해서 3월 초에 국회에서 처리돼서 늦어도 3월 후반기부터는 재난지원금이 지급돼야 한다""고 속도를 강조했다. 그는 ""코로나 3차 대유행 기간이 길어짐으로써 소상공인, 자영업자들의 피해가 크고 고통이 길어지고 있기 때문에, 우선적으로 피해 업종과 취약 계층 지원에 초점을 맞추어야 한다""며 ""최대한 지급 시기를 앞당기겠다는 원칙을 가지고 추진하겠다""고 설명했다. 재난지원금의 실효성을 높이기 위해 지급 대상과 추경 규모를 확대할 계획도 밝혔다. 그는 ""사각지대를 좀 더 촘촘하게 살펴서 최소화하는 방향의 편성을 해야 하기 때문에 3차 재난지원금보다 규모가 더 커져야 한다""고 했다. 또한 ""자영업자와 소상공인 매출 상한이 정해져있는데, 그것을 좀 더 상향해야 할 것""이라고 밝혔다. 이에 따라 소상공인을 규정하는 연 매출과 근로자 수 기준을 완화해 지급 대상을 약 200만 명으로 늘릴 것으로 전망된다. 이어 김 원내대표는 전 국민 재난지원금 지급 방식을 유보한 데 대해선 ""방역 당국이나 민간 전문가들도 코로나 진정세가 빨리 될 것 같지 않다는 예상을 한다""고 했다. 또한 ""소비진작용 재난지원금 지급은 코로나가 진정된 검토를 해야 할 것""이라며 ""시기를 특정하기는 어렵다""고 했다. 김 원내대표는 재난지원금 조달 계획에 대해선 ""현재 편성된 본예산의 지출구조조정을 통해서 일부 확보를 하겠다""면서 ""모자라는 부분은 국채발행 통해서 해결할 수밖에 없을 것 같다""고 덧붙였다.",더불어민주당이 코로나19 대응을 위한 4차 재난지원금 지급 방식으로 소상공인과 자영업자 등 피해 계층에 대한 선별 지원을 우선 추진하기로 했다. 경제 3단체의 반발이 거센 보편 지원은 이후 추진한다. 정부는 선별 지원의 지급 시기를 3월로 앞당기고 규모도 늘리겠다는 입장이다.,0.035466198
2021.02.10.,"4차 재난지원금 설 이후 속도전…당정, 지급 방식·규모 이견",프레시안,박정연,"더불어민주당이 10일 4차 재난지원금 지급을 위한 추가경정예산(추경) 편성을 설 이후 본격화하기로 했다. 이낙연 더불어민주당 대표는 이날 최고위원회의에서 ""당·정·청이 전날 4차 재난지원금 협의를 시작해 추경 조기 편성 원칙에 합의했다""며 ""당정청 모두의 입장을 정리해서 설 연휴가 지나면 추경 편성을 속도감 있게 진행할 것""이라고 밝혔다. 김태년 원내대표도 ""당은 4차 재난지원금 논의를 설명절 직후 본격화하겠다""면서 ""4차 재난지원금 편성과 집행 시간을 단축하기 위해 최선을 다하겠다""고 했다. 다만 ""당은 모든 가능성을 열어놓고 정부와 추경을 협의하겠다""고 말해 재난지원금 규모와 지급 방식에 관해선 정부와 입장 조율이 완료되지 않은 상태라는 점을 시사했다. 앞서 당정청은 민주당 홍익표 정책위의장, 김상조 청와대 정책실장, 홍남기 부총리 겸 기획재정부 장관이 참석한 가운데 열린 비공개회의에서 재난지원금 논의를 한 것으로 알려졌다. 홍 의장은 전날 ""당정청이 각자 입장을 정리해, 설 연휴가 지나면 논의를 시작하자고 했다""며 ""경제 상황이 심각하고 코로나도 쉽게 잡히지 않는 상황이 지속해 시급하게 4차 재난지원금을 위한 금년도 1차 추경을 준비하자고 했다""고 했다. 구체적인 추경 규모 등은 아직 합의하지 않은 것으로 전해졌다. 이 대표는 회의가 끝난뒤 기자들과 만나 ""재난지원금 지급 방식·규모·시기는 설 연휴가 지난 뒤 빠른 속도로 협의할 것""이라며 ""민생의 고통을 덜어드리는 일은 서둘러야 하고, 그런 관점으로 논의를 진행할 것""이라고 설명했다. 이 대표는 이어 언론과 포털, SNS와 1인 미디어에 징벌적 손해배상을 적용하는 법안을 2월 임시국회에서 추진하기로 한 것과 관련해 ""우리 당이 추진하는 언론개혁 법안들은 피해자 구제를 위한 미디어 민생법이자 국민의 권리와 명예, 사회의 안정과 신뢰를 보호하는 최소한의 장치""라고 옹호했다. 그는 ""우리 당 미디어·언론 상생 TF에서 가짜뉴스 근절을 위해 추진하는 징벌적 손해배상 대상에 기성 언론사를 포함하기로 했다""며 이같이 말했다. 이 대표는 ""고의적 가짜뉴스와 악의적 허위정보는 피해자와 공동체에 대한 명백한 폭력으로, 표현의 자유로 보호받을 영역이 아니다""라며 ""앞으로 허위 조작 정보를 판단하는 구체적 기준 등을 잘 정리해 가짜뉴스 피해가 더이상 발생하지 않도록 입법에 속도를 내 달라""고 강조했다. 하지만 미디어·언론상생TF 단장인 노웅래 의원은 '가짜뉴스'의 정의는 모호하기 때문에 법적인 근거를 마련해 처벌하는 것은 시간을 두고 논의하겠다는 입장이다. 노 의원은 전날 ""가짜뉴스를 어떻게 정의하느냐는 보는 사람 따라 다를 수 있기에 짧은 시간 내 처리할 수 있는 법이 아니다""라며 ""상당히 숙려기간이 필요하고 국회법 절차에 따라 처리할 것""이라고 강조했다.",더불어민주당이 10일 4차 재난지원금 지급을 위한 추가경정예산 편성을 설 이후 본격화하기로 했다. 다만 민주당은 모든 가능성을 열어놓고 정부와 추경을 협의하겠다고 밝혔다. 앞서 당정청은 비공개회의에서 언론개혁 법안들을 2월 임시국회에서 추진하는 것을 확인했다.,0.500596941
2021.02.08.,"文대통령 ""재정 감당 범위 내에서""…'재난지원금' 홍남기에 힘싣기",프레시안,서어리,"문재인 대통령이 4차 재난지원금과 관련해 ""최종적인 책임은 정부에게 있다""면서 ""정부가 책임을 다할 수 있도록 모두가 함께 지혜를 모아주시고, 또 마음을 모아주실 것을 당부드린다""고 말했다. 문 대통령은 8일 청와대에서 열린 수석?보좌관 회의에서 ""재정이 감당할 수 있는 범위 안에서 과감하게, 실기하지 않고, 충분한 위기 극복 방안을 강구하는 데 최선을 다할 것""이면서 이같이 말했다. 4차 재난지원금 지급 규모와 방식을 둘러싸고 더불어민주당과 정부 재정당국 사이에 이견이 계속되는 가운데 정부에 힘을 실어준 것으로 보인다. 특히 문 대통령은 ""경제부총리를 중심으로 비상경제체제를 가동하며 전례 없는 정책적 수단으로 경제위기에 적극적이고 효과적으로 대처한 결과로 평가한다""고 말했다. 최근 당정 갈등 상황 속에서 민주당으로부터 사퇴론까지 공개적으로 표출된 홍남기 경제부총리의 행보에 굳은 신임을 드러낸 셈이다. 문 대통령은 4차 재난지원금 규모와 방식과 관련해 ""현실적인 여건 속에서 무엇이 최선인지 판단하기란 쉽지 않다""고 직접적인 판단은 유보하면서 ""우리 사회 모두가 지혜를 모으고, 특히 정치권이 정파적 이해를 뛰어넘어 초당적으로 협력해야 할 과제""라고 강조했다. 이 외에 문 대통령은 ""최근 코로나 확산세가 다소 완화되는 가운데 백신 접종이 초읽기에 들어갔고, 국산 치료제도 조건부 허가를 받아 사용에 들어갔지만 완전한 일상 회복의 길은 멀고도 험하기만 하다""며 ""위기 속에서 우리가 잘하고 있는 부분과 어려운 부분을 직시하면서 잘하고 있는 부분은 더 잘하도록 노력하고, 어려운 부분은 현실적인 극복 방안을 찾는 일""이 필요하다고 했다. 그는 ""한국은 위기 속에서 더욱 강한 경제의 면모를 보여주었다""며 ""경제성장률, GDP 규모와 1인당 국민소득, 국가신용등급, 재정건전성 등 주요 거시경제 지표에서 확인되듯이 한국이 국제사회로부터 경제위기를 가장 잘 극복한 나라로 평가받고 있는 것은 누구도 부정할 수 없는 사실""이라고 평가했다. 이어 ""세계적인 신용평가기관 무디스는 국가신용 평가와 기업활동 평가에서 새롭게 중요한 기준이 되고 있는 친환경, 사회적 기여, 지배구조 개선을 나타내는 ESG 국가별 평가에서 한국을 미국, 영국, 일본 등 다른 선진국들보다 높은 1등급의 최고등급으로 평가했다""며 ""‘블룸버그 혁신지수’에서 한국은, 쟁쟁한 나라들을 제치고 가장 높은 점수를 받으며 1위를 기록했다""고 했다. 또 ""<이코노미스트>가 발표한 ‘민주주의 지수’에서 한국은 ‘결함이 있는 민주주의 국가’라는 불명예를 씻고 5년 만에 ‘완전한 민주주의 국가’ 대열에 다시 합류했다""면서 ""이같은 국제사회의 긍정적 평가는 우리 사회가 올바른 방향으로 나아가고 있다는 징표""라고 했다. 문 대통령은 그러면서도 ""방역 대책으로 이토록 오랫동안 자영업자들의 영업을 금지하거나 제한한 적도 없었다. 정부가 네 차례의 추경과 세 차례의 재난지원금 등 전례 없는 확장재정 정책으로 위기에 대응한 적도 없었다""고 했다. 그러면서 ""불평등과 격차를 해소하는 데 더 많은 노력을 기울여야 하겠다""면서 ""정부는 고용위기 극복에 힘을 쏟으면서 어려운 국민들을 위한 피해지원책을 다각도로 강구하겠다""고 했다.","문재인 대통령이 재정이 감당할 수 있는 범위 안에서 과감하게, 실기하지 않고, 충분한 위기 극복 방안을 강구하는 데 최선을 다할 것이라면서 재정이 감당할 수 있는 범위 안에서 ""재정이 감당할 수 있는 범위 안에서"" 재정지출이 감당할 수 있는 범위 안에서 ""정부가 책임을 다할 수 있도록 모두가 함께 지혜를 모아주실 것을 당부드린다""고 말했다. 문 대통령은 4차 재난지원금 규모와 방식과 관련해 ""현실적인 여건 속에서 무엇이 최선인지 판단하기란 쉽지 않다""고 직접적인 판단은 유보하면서 ""우리 사회 모두가 지혜를 모으고, 특히 정치권이 정파적 이해를 뛰어넘어 초당적으로 협력해야 할 과제""라고 강조했다.",0.957927883
2021.02.08.,"김종인 ""선거자금 아닌 생계자금 29조 가능""...재난지원금에 '맞불'",프레시안,곽재훈,"정부·여당이 4차 재난지원금 논의를 본격화하자 국민의힘도 적극성을 보이고 있다. 4.7 재보선을 앞두고 민심 잡기에서 밀리지 않겠다는 의도로 풀이된다. 김종인 국민의힘 비상대책위원장은 8일 당 비대위 회의에서 ""코로나 방역 장기화로 제대로 장사를 못 하면서 자영업자들이 빚내고, '투잡' 알바를 하며 버텼지만 감당하기 힘든 수준을 넘어선 지 오래""라며 ""코로나보다 생활고로 죽는 사람이 더 많다는 얘기까지 나온다""고 재난지원금 지급의 정당성을 강조했다. 김 비대위원장은 ""방역이 국민 살리는 방역이 돼야 하는데 (정부는) 숫자에 집착해 생존권을 위협하고 있다""며 ""최근 영업제한 시간을 8분 초과했다고 2주간 영업정지 처분을 했다고 한다""는 사례를 들었다. 김 위원장은 특히 ""영업제한을 하는경우 정상적 정부였다면 손실보상 계획부터 수립했어야 한다""며 ""독일·영국·일본은 (이렇게) 하고 있으나 우리 정부는 생존권을 마음대로 침해하면서 수준 이하의 찔끔찔끔 지원만 하며 단속만 강력히 하고 있다""고 비판했다. 김 위원장은 이어 4차 재난지원금과 관련해 3가지 제안을 정부·여당에 건넸다. 그는 먼저 ""재난지원금은 누구나 나눠주는 선거자금이 아니라 재난을 당한 사람의 생계자금이 돼야 한다""며 ""영세사업자부터 피해 규모에 따라 선별적으로 차등 지원하기 바란다""고 했다. 그는 ""(코로나 사태 이후) 소득 상위 20% 가구는 소득이 2.9% 증가하고, 하위 20% 가구는 1.1% 감소했다""고 근거를 댔다. 김 위원장은 ""둘째, 본예산 지출조정을 통해 재원을 마련해야 한다""고 주장했다. 그는 ""작년 4차례 추경으로 국가 부채가 불어난 만큼, 빚낼 궁리부터 하지 말고 허리띠 졸라맬 생각부터 하라""며 ""올해 예산 558조 원 중 재량지출은 292조 원으로, 이중 10%를 절감할 경우 국채 발행을 최소화하면서도 29조 원 재원 확보가 가능하다""고 제안했다. 여권에서 논의되는 '선별+보편 지원' 안의 경우 예상 재원이 20조 원 안팎이다. 그는 ""셋째, 생존 지원 사각지대를 최소화해야한다""면서 ""이미 폐업한 사업자는 물론, 소득이 크게 줄거나 실직한 근로소득자도 빈틈없이 지원해야 한다. 선거나 정권 지지율만 생각하는 보여주기식 재난지원은 중단해야 한다""고 주장했다. 한편 이날 비대위 회의에서 주호영 국민의힘 원내대표는 전날 박범계 신임 법무장관이 단행한 검찰 인사를 놓고 ""윤석열 검찰총장은 '문재인 정부 검찰총장'이 아니었다""고 꼬집었다. 전날 법무부는 이성윤 서울중앙지검장을 유임하고, 심재철 법무부 검찰국장을 서울남부지검장으로 발령내면서 그 후임으로 이정수 남부지검장을 임명하는 등의 내용으로 검사장급 인사를 단행했다. 윤 총장은 이성윤 지검장 교체를 강력히 주장했던 것으로 알려졌다. 주 원내대표는 ""어제 전격 발표된 인사 결과는 윤 총장은 문재인 정부의 검찰총장이 아니란 점을 다시한번 전 국민에게 확인시켰다""며 ""(신년기자회견에서) 대통령이 거짓말을 했든지, 박 장관이 대통령 뜻에 반하는 인사를 했든지 둘 중 하나""라고 비꼬았다. 주 원내대표는 ""이 정권은 윤 총장을 둘러싼 위선을 던져버리고, 있는 그대로의 적나라한 모습을 드러내고 있다""며 ""법무부·검찰이 얼마나 더 망가지고 정권에 장악돼야 하는지 통탄할 뿐""이라고 말했다.","더불어민주당이 4차 재난지원금 논의를 본격화하자 국민의힘도 적극성을 보이고 있다. 김 위원장은 ""둘째, 본예산 지출조정을 통해 재원을 마련해야 한다""고 주장했다. 김 위원장은 생존 지원 사각지대를 최소화해야한다면서.. 이미 폐업한 사업자는 물론, 소득이 줄거나 실직한 근로자도 빈틈없이 지원해야 한다고 강조했다.",0.876881301
2021.02.03.,"권칠승 ""재난지원금-손실보상제 투트랙 필요""",프레시안,박정연,"권칠승 중소벤처기업부 장관 후보자는 코로나19로 피해를 본 소상공인들에게 손실보상을 법제화하고 재난지원금을 지급하는 '투 트랙' 방식이 추진 돼야 한다는 입장을 밝혔다. 권 후보자는 3일 국회 인사청문회에서 ""손실보상 법제화로 실제 (소상공인들에게 보상금이) 지급될 때까지는 상당한 기간이 걸릴 것이기 때문에 재난지원금과 함께 투 트랙으로 해야 한다""고 말했다. 권 후보자는 재난지원금 지급 방식에 대해 ""사회적 합의가 되는 경우에는 '타깃'에 지원을 집중하는 것이 맞을 것 같다""며 선별 지원에 무게를 두면서도, 맞춤형 지원과 전국민 보편지원을 동시에 추진하는 이낙연 민주당 대표의 의견에 대해서 ""기본적으로 동의한다""고 밝혔다. 손실보상 소급 적용에 대해 권 후보자는 ""법제화가 되지 않으면 실행이 불가능하다""며 ""중기부 장관이 되면 명분이나 절차보다는 소상공인과 자영업자에게 실질적인 도움을 줄 수 있는 내용을 주장하도록 하겠다""고 말했다. 손실보상 법제화 시 예상 추산비용에 대해서는 ""손실보상 계산 방식이 너무나 다양할 것 같다""며 ""답변드리기 어렵다""고 구체적인 답변을 피했다. 재난지원금 재원 마련을 위해 정부가 적자국채를 발행하고 한국은행이 인수하는 방안이 거론되는 것에 대해서는 ""미국의 급여보호프로그램과 비슷한 것인데 한번 생각해 볼 필요는 있다고 본다""면서도 ""아직 동의할 수 있을 정도로 연구가 된 건 아니""라고 말했다. 윤영석 국민의힘 의원은 ""지원금의 규모도 중요하지만 재정안정성도 고려해야 하는데 코로나19가 장기화되면 재정의 부담이 커질 수 있다""고 지적하자, 권 후보자는 ""만일 (손실보상제를) 한다면 합리적인 기준을 마련할 곳은 국회 뿐""이라고 입법부의 역할을 강조했다. ▲ 권칠승 중소벤처기업부 장관 후보자가 3일 오전 국회 산업통상자원중소벤처기업위원회에서 열린 인사청문회에 출석.답변하고 있다. ⓒ연합뉴스","권칠승 중소벤처기업부 장관 후보자는 3일 국회 인사청문회에서 ""손실보상 법제화로 실제 (소상공인들에게 보상금이) 지급될 때까지는 상당한 기간이 걸릴 것이기 때문에 재난지원금과 함께 투 트랙으로 해야 한다""고 말했다. 권 후보자는 재난지원금 재원 마련을 위해 적자국채를 발행하고 한국은행이 인수하는 방안이 거론되는 데 대해 ""아직 동의할 수 있을 정도로 연구가 된 건 아니다""라고 말했다. 윤영석 국민의힘 의원은 '지원금의 규모도 중요하지만 재정안정성도 고려해야 하는데 코로나19가 장기화되면 재정의 부담이 커질 수 있다'고 지적하자, 권 후보자는 합리적인 기준을 마련할 곳은 국회 뿐""이라고 입법부의 역할을 강조했다.",0.007831176
2021.02.03.,"국민의힘, 4차 재난지원금 ""대통령 말처럼 하면 협조""",프레시안,곽재훈,"국민의힘은 최근 정부·여당이 적극성을 보이고 있는 4차 재난지원금 추진 방안에 대해 '재정 건전성 범위 내'라는 조건을 들어 ""협조하겠다""고 밝혔다. 코로나19 손실보상제에 대해서는 여야정-당사자 간 협의체를 구성해 보상안을 논의하고, 차후 법제화도 적극 추진하자고 제안했다. 주호영 국민의힘 원내대표는 2일 국회 교섭단체 대표 연설에서 ""3차 재난지원금 지급이 채 끝나지도 않은 상황에서 4차 재난지원금 지급 논의가 시작됐다""고 비판적 태도를 시사하면서도 ""지난 세 차례에 걸친 재난지원금 지급의 효과를 제대로 점검한 다음에, '재정이 감당할 수 있는 일정 범위'라는 대통령 말씀처럼 한다면 우리 국민의힘도 적극 협조하겠다""고 말했다. 주 원내대표는 이른바 '코로나 손실보상제'에 대해서는 ""K방역 행정명령에 따른 소상공인·자영업자의 강요된 손실을 개개인들에게 전적으로 감당하라고 하는 것은 부당하다""면서 원칙적 찬성 입장임을 강조했다. 특히 ""이번 국회 국민의힘 1호 법안은 '코로나 위기 탈출을 위한 민생 지원법'이었다""거나 ""코로나 손실보상은 국민의힘이 이미 지난해부터 요구해온 사항""이라고 하는 등 '원조'를 자부하며 ""국민의힘이 요구할 때는 무시하던 정부·여당이 이제야 태도를 바꾸어 입법을 서두르겠다고 하니 만시지탄""이라고도 했다. 주 원내대표는 다만 ""정교하고 형평에 맞는 보상이 필요하다""며 ""손실보상, 재난지원마저 선거용으로 이용하려는 정권의 포퓰리즘을 불식시키고 소상공인·자영업자를 비롯한 취약계층에 더 많은 혜택이 돌아갈 수 있도록 제도를 완비해 나갈 것""이라고 정부·여당안에 부정적 태도를 보였다. 그는 ""대상과 범위, 기준을 놓고 정부·여당은 여전히 갈피를 잡지 못하고 있지만, 국민의힘은 정부의 행정규제에 따른 '손실'에 대해 분명하고 정확하게 보상해 드릴 수 있도록 정교한 법제화에 나서겠다""면서 ""정치적으로 소모적인 논쟁을 피하고, 고통받는 피해 당사자들에게 신속하고 실질적인 지원이 이뤄질 수 있도록 '여야정 당사자간 협의체' 구성을 제안한다""고 밝혔다. 또 ""손실보상, 재난지원금 외에도 정부의 제한조치로 생존의 위협을 받고 있는 자영업자·소상공인들에게 긴급생존자금 지원을 추진하겠다""며 △ ""전기요금 등 각종 공과금에 대해 3개월 면제조치를 취하도록"" 하고 △ ""코로나와 한파로 이중 고통을 겪고 있는 전국 농어촌에 '고향 살리기 긴급자금'을 투입""하며 △ ""사각지대로 남아 있는 플랫폼노동 종사자, 특수고용직 종사자들에 대해서도 현실에 맞는 지원 방안을 강구해 가겠다""고 제안했다. 그는 ""코로나 위기를 극복하는 노력과 병행해 코로나 이후 대한민국의 미래 전략을 마련하기 위한 국회 '포스트 코로나 특위' 설치를 제안한다""고 밝혔다. 백신, 부동산, 법관탄핵 등 與에 전방위 비판…""4.7 보선에서 정권 심판해달라"" 경제·사회정책 전반에 걸쳐 정부를 비판하며 4.7 보궐선거 지지를 호소하는 내용도 이날 주 원내대표의 국회 연설에 담겼다. 그는 ""길고 긴 코로나 재난을 종식시킬 수 있는 '게임체인저'는 백신""이라며 ""백신이 민생이고 경제""라고 강조하고 ""정부는 지난해 K방역 자화자찬에 도취한 나머지 백신 조기 확보에 실패했다""고 비판했다. 그는 ""뒤늦게 백신 구입에 나선 결과, 올 2월에야 필수대상인 의료진 접종을 시작하게 됐다. 집단면역은 11월이나 돼야 형성된다고 한다""며 ""백신 확보 과정에서 보여준 문재인 정권의 무능과 안일함이 앞으로 있을 백신 접종에서도 되풀이되지 않을까 걱정""이라고 했다. 여권에서 '문재인 보유국' 등 문재인 대통령에 대한 칭송이 나오는 데 빗대 그는 ""K방역이 성공 모델이라면 그 공은 온전히 우리 국민들의 몫""이라며 ""대한민국은 진정 '위대한 국민 보유국'""이라고 맞받았다. 여당이 추진하고 있는 법관 탄핵 문제에 대해서는 ""판사라도 큰 잘못을 저지르면 탄핵을 받아야 하는 것은 당연하지만, 삼권분립의 한 축인 법관을 탄핵으로 파면하려면 엄정한 탄핵의 절차를 따라야 한다""면서 ""재판에서 무죄를 받은 판사를 탄핵 요건 확인이나 본인 변소(辯訴)조차 듣지 않은 채 곧바로 탄핵 결정을 한다는 것은 탄핵 제도의 남용이자 법관 전체에 대한 겁박""이라고 비판했다. 검찰개혁과 관련, 그는 ""윤석열 검찰총장이 정말 불법으로 검찰 공화국을 만들고 민주주의를 파괴하려는 사람이라면 지금이라도 그를 반드시 쫓아내야 하는 것 아니냐""고 꼬집으며 ""그게 아니라면 청와대와 민주당은 국민들에게 엄중히 사과해야 할 것""이라고 헀다. 검찰을 향해서도 ""다시 업무에 복귀한 윤석열 검찰총장은 살아 있는 권력에 대한 수사를 주저 없이 진행해야 한다""며 울산시장 선거개입 의혹사건, 월성 1호기 조기폐쇄 관련 의혹사건, 김학의 전 법무차관 불법 출국금지 의혹사건 등에 대해 신속한 수사를 촉구했다. 부동산 문제에 대해서는 주택가격 상승 문제를 지적하고 ""공급 확대""와 세금 인하를 주장하는 기존 입장을 되풀이했다. 특히 "" 양도소득세를 내리겠다"", ""주택 실수요자 세 부담을 완화하겠다"", ""생애 첫 주택구입자에 대한 취등록세를 인하하겠다"", ""종부세·재산세율 인하"", ""종합적인 세 부담 완화"", ""공시가격 현실화 방침으로 세금 폭탄이 예상된다"", ""공시가격의 급격한 인상을 막아 국민 부담을 줄이겠다"" 등등 부동산 세금 완화를 집요하게 주장했다. 최근 야당이 집중 공세를 펴고 있는 '북한 지역 핵발전소 건설 추진' 의혹도 언급됐다. 주 원내대표는 ""막무가내로 원전(핵발전소) 폐쇄를 몰아붙이던 때였음에도 불구하고 산업부가 독자적으로 북한 원전 건설 계획을 검토했다는 해명이 도저히 납득되지 않는다""면서 ""이 커다란 의혹에 대해서 문 대통령은 제대로 된 설명을 내놓지는 않고 '구시대 유물 같은 정치'라며 오히려 역공을 취하고 있고, 집권세력이 야당을 향해 일제히 '색깔론', '북풍몰이' 같은 막말을 쏟아내고 있다""고 주장했다. 그는 ""대선을 불과 두 달 앞둔 2007년 10월 남북정상회담을 추진했던 정상회담 추진위원장이 누구였느냐? 2018년 지방선거를 불과 하루 앞두고 싱가포르에서 트럼프-김정은 정상회담 쇼를 주선했던 사람은 누구이냐""고 하는 등 문 대통령을 겨냥하며 ""바로 이런 게 북풍공작 아니냐""고 주장했다. 그는 ""남북교류협력법에 따르면 문 대통령이 김정은에게 전달한 USB는 통일부 장관의 승인을 받아야만 하고 통일부는 그 내용을 보관하고 있어야 한다""며 ""문 대통령이 이런 법적 절차를 거쳤는지부터 확인해 달라""고 공세를 폈다. 주 원내대표는 그러면서 ""4월 7일에 있을 서울시장과 부산시장 선거는 문재인 정권에 대한 단호한 심판의 무대가 되어야 한다""고 강조했다. 그는 ""더욱이 이번 선거는 민주당 출신 단체장들의 성범죄 때문에 치러지는 선거""라며 ""민주당은 '스스로에게 귀책사유가 있는 선거에는 후보를 내지 않겠다'고 국민 앞에서 한 약속을 헌신짝처럼 버리고 언제 그랬냐는 듯 후보를 내겠다고 한다""고 했다. 그는 ""권력은 국민들이 잠시라도 눈을 떼는 순간 오만해지기 마련이다. 정의로운 서울·부산시민들께서 민주당의 파렴치와 오만을 반드시 심판해 달라""고 호소했다. 그는 한편 ""민주당에 간곡히 요청한다""며 ""압도적 다수 의석을 가진 민주당이 이번에는 제대로 역할을 해 더 이상 불행한 대통령이 나오지 않도록, 권력이 살아있을 때 건강한 긴장관계를 만들어 달라""고 말해 눈길을 끌기도 했다. 그는 ""대통령들의 실패가 예외 없이 되풀이되고 있는 원인은, 대통령이 헌법과 법률이 허용하는 것보다 더 많은 권력을 행사하려 하고 이를 견제하는 힘이 제대로 작동되지 않기 때문""이라며 ""대통령의 권한 남용에 대해 지적하거나 비판할 때마다 친위세력들이 득달같이 달려들어 결사 옹위하는 것도 대통령을 법 위에 군림하는 존재로 만들고 있다""고 지적하면서 이같이 말했다.","메르스(MERS) 손실보상제는 재정이 감당할 수 있는 일정 범위 내에서 협조하겠다고 했고, '코로나 손실보상은 국민의힘'은 최근 정부·여당이 적극성을 보이는 4차 재난지원금 추진 방안에 대해서는 '재정 건전성 범위 내'라는 조건을 들어 협조하겠다고 했다. 그러나 주 원내대표는 ""정교하고 형평에 맞는 보상이 필요하다""면서 ""손실보상, 재난지원마저 선거용으로 이용하려는 정권의 포퓰리즘을 불식시키고 소상공인·자영업자를 비롯한 취약계층에 더 많은 혜택이 돌아갈 수 있도록 제도를 완비해 나갈 것""이라고 정부·여당안에 부정적""이라고 정부·여당안에 부정적 태도를 보였다. 그는 차후 법제화를 추진하겠다고 밝혔다.",0.010743383
2021.02.02.,"이낙연 ""4차 재난지원금 준비…나라 곳간 풀어야""",프레시안,박정연,"이낙연 더불어민주당 대표는 ""늦지 않게, 충분한 규모의 추가경정예산을 편성해 4차 재난지원금을 준비하겠다""며 ""추경 편성에서는 맞춤형 지원과 전국민 지원을 함께 협의하겠다""고 말했다. 이 대표는 이날 오전 국회 본회의 교섭단체 대표연설에서 ""방역 조치로 벼랑에 몰린 취약계층과 피해계층은 두텁게 돕겠다""며 이같이 밝혔다. 4차 재난지원금 지급 시기에 대해서는 ""경기 진작을 위한 전국민 지원은 코로나 추이를 살피며 지급 시기를 결정하겠다""며 ""적절한 단계에서 야당과도 협의하겠다""고 했다. 문재인 대통령도 전날 수석·보좌관회의에서 ""정부의 방역 조치로 발생하는 손실을 보상할 수 있는 제도적 방안 마련과 함께, 그때까지 발생하는 피해에 대한 지원 대책도 강구하지 않을 수 없다""고 손실보상제와 4차 재난지원금 지급에 힘을 실어준 만큼, 국회에서도 관련 논의가 속도를 낼 것으로 전망된다. 이 대표는 ""국가 채무 증가가 전례 없이 가파른 것은 사실이나 나라 곳간을 적절히 풀어야 할 때가 있다""며 ""풀 때는 풀어야 다시 채울 수 있다""고 했다. 이 대표는 코로나19로 인한 양극화를 해소하기 위한 정책으로 '상생연대 3법'에 포함된 △영업제한 손실보상제 △협력이익공유제 △사회연대기금을 강조했다. 이 대표는 ""고소득층의 소득과 자산은 날로 불어나는데 서민과 중산층의 소득과 일자리는 위태롭다""며 ""코로나 상처의 치유에는 재정이 중심적 역할을 해야 하지만 민간의 상부상조가 필요하다""고 밝혔다. 이어 ""세제 지원을 포함한 인센티브 강화와 ESG를 활용, 환경과 사회를 위한 기업의 노력에 보상하자는 것""이라고 설명했다. 또, 그는 부동산 정책에 대해 ""정부와 여당은 여러 대책을 강구했지만 아직까지 성공하지 못했다""며 고개를 숙였다. 이어 ""시장에 유동자금은 넘치고, 저금리는 계속되고 있다""며 ""그래도 부동산 투기를 계속 억제하겠다. 실수요자는 더 튼튼히 보호하겠다""고 강조했다. ▲더불어민주당 이낙연 대표가 2일 국회 본회의에서 교섭단체 대표연설을 하고 있다. ⓒ연합뉴스 ""거짓을 토대로 대통령께 묵과할 수 없는 공격가한 야당… 책임 져야 마땅"" '북한 원전 건설 추진' 논란과 관련해서 이 대표는 ""제1야당 지도자들이 넘어서는 안 되는 선을 넘었다""며 ""야당은 완벽하게 잘못 짚었고 묵과할 수 없는 공격을 대통령에게 가했다""고 국민의힘 지도부를 겨냥했다. 이어 문 대통령이 '이적행위'를 했다고 주장한 김종인 국민의힘 비대위원장을 향해 ""거짓을 토대로 대통령을 향해 '이적행위'라고까지 공격했으면 무거운 책임을 지는 것이 당연하다""며 ""야당은 거짓주장에 대해 책임을 져야 마땅하다""고 말했다. 그는 ""2018년 남북정상회담이 잇따라 열린 시기에 저는 국무총리로 일했다. 국가정보원은 남북관계나 북한의 중요정보를 저에게 보고했다""며 ""제가 기억하는 한, 남북정상회담에서 북한 원전은 거론되지 않았다. 대통령이 김정은 위원장에게 전달한 USB에도 원전에 관한 언급은 전혀 없었다""고 강조했다. 이어 ""그 무렵 주례회동에서 대통령은 저에게 특별히 지시했다""며 ""남북정상회담 관련 조치 등에서 유관 부처들이 과속하지 않도록 해달라는 지시였다""고 말했다. 정부 부처들이 남북한의 화해무드에 섣부른 정책을 제시하지 않도록 조정을 지시했다는 것이다. 이 대표는 ""민족의 문제마저 정쟁의 대상으로 악용하는 것은 무책임하다""며 ""민족의 문제에 대해서까지 거짓을 서슴없이 말하고, 거짓을 토대로 대통령을 공격하는 것은 국내외적으로 정치의 신뢰를 손상하며 국기를 흔드는 위험한 일""이라고 비판했다. 그러면서 ""정치를 더는 후퇴시키지 말자""며 ""선거만 닥치면 색깔공세를 일삼는 절망의 수렁에서 벗어나자. 낡은 북풍공작으로 국민을 현혹하려 하는 국민 모독을 끝내자""고 말했다.","문재인 대통령도 전날 수석·보좌관회의에서 정부의 방역 조치로 발생하는 손실을 보상할 수 있는 제도적 방안 마련을 약속했다. 이 대표는 4차 재난지원금 지급 시기에 대해 경기 상황을 살피며 지급 시기를 결정하겠다며 ""적절한 단계에서 야당과도 협의하겠다""고 말했다. 이 대표는 코로나19로 인한 양극화를 해소하기 위한 정책으로 '상생연대 3법'에 포함된 영업제한 손실보상제, 협력이익공유제, 사회연대기금을 강조했다. 이 대표는 부동산 정책에 대해 ""정부와 여당은 여러 대책을 강구했지만 아직까지 성공하지 못했다""며 고개를 숙였다.",0.267122716
2021.01.07.,"김종인 ""갑자기 4차 재난지원금? 코로나 양극화 판단해야""",프레시안,박정연,"김종인 국민의힘 비상대책위원장은 3차 재난지원금을 아직 지급하지 않았는데도 여당에서 4차 재난지원금 지급을 거론한다며 ""과연 국민들이 믿고 안심할 수 있는 정부의 행태인지 회의를 갖지 않을 수 없다""고 부정적인 의사를 밝혔다. 김 위원장은 7일 비대위 회의에서 ""(3차 재난지원금으로) 11일부터 이제 약 9조 원의 예산이 투입된다고 하는데, 어떻게 된 건지 최근에 여당은 갑작스레 4차 재난지원금 문제를 거론한다""며 이같이 밝혔다. 그는 ""지난 가을부터 코로나 사태가 심각해질 것이라고 전문기관들이 사전 경고를 했음에도 정부는 안이한 태도를 취하며 백신 구입도 사전적 대처를 제대로 못 하고, 다른 나라에서 백신 접종이 시작된다는 이야기를 듣고 그제야 거론하는 모습을 보인다. 생계 위협을 느끼는 자영업자들은 참다못해 시위하는 모습까지 보이고 있다""고 우려했다. 이어 ""대통령에게 궁금하다. 코로나 사태로 인해 우리나라 양극화 문제가 보다 더 심각한 상황으로 전개되는데, 이 상황을 좀 엄중히 판단해서 사회가 격랑 속에 빠져들지 않도록 사전적으로 대처해주실 것을 부탁한다""고 촉구했다. 앞서 여권 인사들이 군불을 떼온 4차 재난지원금 문제에 대해, 더불어민주당은 지급의 필요성을 공식화했다. 허영 대변인은 ""전국민 재난지원금은 위로를 넘어선 생존의 문제""라며 ""코로나19 사태가 진정 국면으로 들어서면 민생 회복, 소비 회복, 경제 회복을 위해 전 국민 재난지원금 지급이 필요할 수 있다""고 밝혔다. 민주당 지도부도 4차 재난지원금의 필요성을 피력하고 있다. 최고위원인 김종민 의원은 MBC 라디오 <김종배의 시선집중>에 출연해 ""(4차 재난지원금은) 피해계층에 대한 맞춤형 지원보다 전체적 경기 진작을 위한 전국민 지원이 될 가능성이 높다""며 ""방역 상황과 연동돼 있다. 어느 정도 방역이 해결돼 이제 경기를 진작할 상황이 됐다는 판단이 들어야 돈을 풀어 경기 진작을 하는 것""이라고 말했다. 양향자 민주당 최고위원 역시 이날 CBS라디오 <김현정의 뉴스쇼>에 출연해 ""(4차 재난지원금은) 지난 1년간 코로나 가시밭길, 정부를 믿고 따라주신 국민에 대한 보답 차원에서 재난지원금이 아닌 위로금""이라며 ""코로나로 일상을 잃은 국민께 지금 이 시점에서 위로와 희망이 필요하다는 판단에서 (첫 최고위원회의에서) 제안했다""고 밝혔다.",더불어민주당이 4차 재난지원금 지급을 거론하자 김종인 국민의힘 비상대책위원장은 지난 가을부터 코로나 사태가 심각해질 것이라고 전문기관들이 사전 경고를 했음에도 정부는 안이한 태도를 취하며 뒤늦게 거론하는 모습을 보이고 있다. 김 위원장은 지난 가을부터 코로나 사태가 심각해질 것이라고 전문기관들이 사전 경고를 했음에도 정부는 안이한 태도를 취하며 뒤늦게 거론하는 모습을 보이고 있다. 김 위원장은 생계 위협을 느낀 자영업자들이 뒤늦게 시위하는 모습까지 보이고 있다고 우려했다.,0.016863473
2021.01.06.,"유승민 ""전국민 재난지원금? 악성 포퓰리즘, 국민 세금으로 매표행위""",프레시안,박정연,"유승민 전 의원이 여당에서 제기하는 전 국민 재난지원금에 대해 ""국민의 세금으로 매표행위를 하는 악성 포퓰리즘일 뿐""이라며 강하게 비판했다. 유 전 의원은 6일 자신의 페이스북에서 ""서울, 부산 시장 재보궐선거가 다가오자 또 악성 포퓰리즘이 고개를 내밀고 있다""며 ""민주당 대표, 경기도 지사, 그리고 국무총리까지 나서서 전 국민에게 재난지원금을 주자고 주장하고 있다""고 밝혔다. 그는 ""공정하지도 정의롭지도 않고 경제정책으로서도 소비진작효과가 낮은 열등한 정책""이라고 지적했다. 유 전 의원은 ""고소득층에게 줄 100만원을 저소득층 가족에게 보태줘서 100만원을 두 번 줄 수 있다면 그게 더 공정하고 정의로운 것""이라며 ""단순히 1/n의 산술적 평등은 결코 공정과 정의가 아니다""고 했다. 그러면서 ""정의롭지도 못하고 경제정책으로서 효과도 낙제점인 전 국민 재난지원금이 또 다시 거론되는 이유는 선거를 앞두고 국민세금으로 매표행위를 하려는 정치꾼들의 악성 포퓰리즘 때문""이라고 비판했다. 유 전 의원은 ""민주당이 전 국민에게 1억원씩 뿌리겠다는 국가혁명배당금당을 닮아가는 것""이라며 ""민주공화국의 깨어있는 시민들, 비르투(virtu, 시민의 덕성)를 갖춘 시민들이 막아야 한다""고 말했다. 이어 ""현명한 국민들께서 문재인 정권의 정치 사기행위를 물리칠 것""이라며 ""전국민이 아니라 국가의 도움이 절실하게 필요한 분들에게 두 배, 세 배를 드려서 절망에 빠진 자영업자, 소상공인, 실업자들이 희망을 갖도록 해드리자""고 밝혔다. 한편, 최인호 더불어민주당 수석대변인은 이날 아침 최고위원회의 이후 기자들과 만난 자리에서 4차 재난지원금에 대해 ""오늘 논의는 없었지만, 당내 분위기가 코로나19 대응에 대해 공감대가 확산하는 게 사실이다. 상임위나 정책위 차원에서 깊은 논의가 있을 것""이라고 말했다. 그러면서 ""일부에서 코로나19 대책 논의를 선거와 연결해 바라보는 것은 바람직하지 않다""고 반박했다.","유승민 전 의원은 여당에서 제기하는 전 국민 재난지원금에 대해 국민의 세금으로 매표행위를 하는 악성 포퓰리즘이라고 비판했다. 유 전 의원은 ""정의롭지도 정의롭지도 하고 효과도 낙제점인 전 국민 재난지원금이 또 다시 거론되는 이유는 선거를 앞두고 국민세금으로 매표행위를 하려는 정치꾼들의 악성 포퓰리즘 때문""이라고 비판했다. 그는 ""현명한 국민들께서 문재인 정권의 정치 사기행위를 물리칠 것""이라며 ""전국민이 아니라 국가의 도움이 절실하게 필요한 분들에게 두 배, 세 배를 드려서 절망에 빠진 자영업자, 소상공인, 실업자들이 희망을 갖도록 해드리자""고 밝혔다.",0.069905661
2021.01.06.,"민주당 ""재난지원금, 전국민 지급 필요할 수 있다""",프레시안,곽재훈,"더불어민주당이 전 국민을 대상으로 한 이른바 '재난지원금 보편 지급' 문제에 대해 당 대변인 공식 논평을 통해 뚜렷한 입장을 밝혔다. 앞서 이낙연 민주당 대표 등 여권 지도자들이 개인의 정치적 견해임을 전제로 '검토할 수 있다'는 입장을 밝힌 데에서 한 발 더 나아간 것으로 보인다. 민주당 허영 대변인은 6일 ""전 국민 재난지원금은 위로를 넘어선 생존의 문제""라며 최근 확진자 감소세를 언급하고는 ""(아직) 안심할 수 있는 단계는 아니지만 코로나19 사태가 진정 국면으로 들어서면 민생 회복, 소비 회복, 경제 회복을 위해 전 국민 재난지원금 지급이 필요할 수 있다""고 했다. 허 대변인은 ""국가적 재난을 피할 수 있는 국민은 없다. 그 무게와 깊이도 다르다""면서 ""선별적 지원과 보편적 지원이 병행될 수밖에 없는 불가피한 상황""이라고 강조했다. 허 대변인은 전 국민 재난지원금 지급 가능성 검토에 대해 야당이 재정 건전성과 보궐선거 영향 등을 우려해 비판하고 있는 것과 관련 ""국민이 살아야 재정건전성도 있는 것""이라고 반박하고는 ""지원금 지급은 타이밍이 중요하다. 그렇기 때문에 지금부터 적정성 여부를 검토하자는 것""이라고 했다. 앞서 이낙연 민주당 대표는 지난 3일 한국방송(KBS) <뉴스9>와의 인터뷰에서 ""코로나가 쉽게 잡히지 않고 장기화될 경우에는 늦지 않은 시점에 또 한 번의 추경을 편성해서 (선별적) 지원금을 드릴 용의가 있다. 그것을 검토하겠다""며 ""그리고 또 하나는, 코로나가 진정된다면 경기 진작을 위해서라도 전 국민께 지원금을 드리는 것을 검토할 수도 있다""고 말했었다. 이 대표는 그 배경에 대해 ""코로나가 한참 퍼지고 있는데 '소비하십시오' 그러면 자칫 방역에 나쁜 영향을 줄 수 있다. 그래서 코로나가 진정되고 경기를 진작해야 된다고 할 때에는 전 국민 지원 방안도 검토할 수 있다고 생각한다""고 했다. 정세균 국무총리는 4일 문화방송(MBC) <100분 토론>에서 ""재난지원금의 경우에는 가능하면 차등 지원을 하는 게 옳다. 피해가 더 큰 업종이나 자영업자에게 더 많은 지원을 하는 게 옳다""면서도 ""그렇지만 앞으로의 경제 진행 상황이나 코로나 상황(을 고려하면) 월급 생활자 등 피해를 본 국민이 굉장히 많다. 그런 부분에 대해 잘 봐가면서 꼭 필요한 정책을 개발하고 실행하면 될 것""이라고 여지를 뒀다. 정 총리는 ""선별적 지원을 통해 피해가 많은 분들에게 지원하는 재난지원금과는 별도로, 경기가 좀 진작돼야 하지 않겠나""라며 ""앞으로 필요하면 경기 진작을 위한 예산 집행도 있어야 될 것""이라고 부연해 눈길을 끌었다. 여당 내에서 일관되고 지속적으로 보편 지급을 주장해온 이재명 경기도지사는 전날 SNS에 쓴 글에서 ""정 총리에 이어 이 대표께서도 재난지원금 보편 지급을 말씀하신 데 대해 환영과 감사를 드린다""며 ""최악의 경제위기를 돌파하기 위해선 지역화폐를 통한 전 국민 보편지급이 꼭 이뤄져야 한다""고 재강조했다. 국민의힘 등 야당은 ""선거 승리를 위해서라면 물불을 가리지 않는 정부여당의 전략""(전날, 국민의힘 이종배 정책위의장)이라고 하는 등 보편 지급 주장이 4월 보궐선거를 염두에 둔 게 아닌지 의심하고 있다. 정부 재정당국은 여당의 '보편 지급 검토' 주장에 대해 말을 아꼈다. 김용범 기획재정부 제1차관은 이날 경제중대본 회의 후 관련 질문을 받고는 ""정부가 언급하기엔 이른 시점""이라며 ""지금으로선 방역의 고삐를 조이고 이번에 마련한 9조3000억 원 규모의 맞춤형 지원대책을 신속히 집행하는 것이 최우선 과제""라고만 했다.","여당인 더불어민주당이 전 국민을 대상으로 한 '재난지원금 보편 지급' 문제에 대해 당 대변인 공식 논평을 통해 명확한 입장을 밝혔다. 민주당 허영 대변인 ""국가적 재난을 피할 수 없는 국민은 없다. 그 무게와 깊이도 다르다""면서 ""선별적 지원과 보편적 지원이 병행될 수밖에 없는 불가피한 상황""이라고 강조했다. 앞서 이낙연 민주당 대표는 지난 3일 KBS '뉴스9'와의 인터뷰에서 코로나19 사태가 진정 국면이면 민생 회복, 소비 회복, 경제 회복을 위해 전 국민 재난지원금 지급을 검토하겠다고 말했다.. 여당에서 일관되고 지속적으로 보편 지급을 주장해 온 이재명 경기도지사는 전날 SNS에 쓴 글에서 ""정 총리에 이어 이 대표께서도 재난지원금 보편 지급을 언급한 데 대해 환영과 감사를 드린다""며 ""..",0.420883209
2021.01.05.,"이재명, 편지 정치 ""전 국민 대상 4차 재난지원금 지급 필요""",프레시안,이명선,"이재명 경기도지사가 코로나19 장기화에 따른 경제 위기를 우려하며 전 국민을 대상으로 하는 4차 재난지원금 지급을 촉구했다. 이 지시는 지난 4일 국회의원들과 기획재정부 장관 앞으로 편지를 보내 코로나19 3차 대유행으로 강도 높은 사회적 거리두기가 장기화되면서 지역 경제가 급격히 붕괴되고 있다며 ""1차 재난지원금 지급을 통해 경제효과가 증명된 지역화폐로 전 국민에게 보편지급하는 4차 재난지원금 실행을 해주시기 바란다""고 전했다. 그러면서 ""그렇게 해도(전 국민을 대상으로 해도) 재정적으로 아무런 문제가 없다는 점을 말씀드리며, 이를 통해 구조적 저성장, 코로나19 위기 극복, 양극화 완화 등을 통한 경제 활성화를 이뤄나갈 수 있을 것""이라고 덧붙였다. 이 지사는 이 같은 내용의 편지를 자신의 페이스북에 공개하기에 앞서 4차 전 국민 재난지원금 지급과 관련한 정세균 국무총리의 인터뷰 기사를 올리며 ""(정 총리의) ""재난지원금 전 국민 지급"" 말씀에 공감""한다고 밝혔다. 정 총리는 지난 3일 가진 <동아일보>와의 신년 인터뷰에서 ""필요하면 (전 국민 지급)해야 한다""면서 ""재정건전성보다 중요한 게 민생이다. 국민이 살아야 재정건전성도 있는 것 아닌가. 필요하면 민생 안정을 위해 정부가 나서야 한다는 생각을 가지고 있다""고 말했다. ""美 바이든도 확장재정 '바이드노믹스' 예고"" 이 지사는 편지에서 전 세계가 코로나19 장기화에 따른 경제 위기를 우려하고 있다며 선진국들이 앞다퉈 확장재정 정책을 시행하고 있다고 했다. 그는 ""코로나19가 완전히 종식되지 않는 한 이번 위기가 마지막이 아닐 수도 있다. 때를 놓친다면 돌이킬 수 없을 만큼 나라 경제가 망가질 것이란 우려가 크다""면서 ""이는 전 세계의 공통된 우려 사항으로, 국제통화기금(IMF)은 코로나19로 인한 경제위기 극복을 위해 정부의 적극적인 재정정책을 주문하고 있다. 코로나19로 인해 국민소득이 급격하게 감소하였기 때문에 정부의 재정지출이 국민소득에 미치는 영향이 향후 2년간 최대치에 이를 것으로, IMF는 그 이유를 제시하고 있다""고 했다. 이어 ""새롭게 출범하는 미국의 바이든 행정부도 이른바 '바이드노믹스'라 불리는 확장재정을 예고하고 있다""면서 ""작년 말 이미 의회를 통과한 8920억 달러(약 978조 원) 규모의 경기부양 예산을 '착수금'에 불과하다고 표현하면서, 앞으로 4년간 4조 달러(약 4386조 원) 이상의 재정지출을 계획하고 있다""고 전했다. ""EU 역시 7500억 유로(약 1022조 원)의 경제회복기금을 마련하여 개별 국가들을 지원할 계획을 가지고 있을 정도로 전 세계 각국은 경제회복을 위하여 정부 지출을 급격하게 확대하고 있다""고도 했다. 그러면서 ""코로나19로 침체된 경기를 회복시킬 수 있는 가장 효과적인 방법이 '확장재정정책'임을 국제경제기구와 선진국들이 앞다퉈 선언하고 있는 것""이라고 강조했다. 이 지사는 그러나 ""선진국들이라고 해서 재정 여력이 충분하여 적극적인 재정정책을 운용하는 것은 아니""라고 했다. 그는 경제협력개발기구(OECD)가 2020년 12월 20일 발표한 경제전망 보고서를 인용해 ""주요 선진국의 국내총생산(GDP) 대비 일반재정수지(General Government Budget Balance) 적자 규모는 영국(16.7%), 미국(15.4%), 스페인(11.7%), 이탈리아(10.7%), 일본(10.5%) 등으로 대부분 10%를 초과할 것으로 전망된다""면서 ""그에 비해 한국은 불과 4.2%로 42개국 중에서도 노르웨이(1.3%), 덴마크(3.9%), 스웨덴(4.0%)에 이어 4번째로 작다. 상대적으로 보면 오히려 매우 소극적인 재정정책을 펼쳤다고 볼 수 있다""고 했다. 그는 또 ""IMF의 추정에 따르면 공공투자(public investment)를 10조 원 늘리면 GDP가 27조 원 늘고 100조 원의 민간투자(private investment) 증가를 기대할 수 있""지만, ""우리나라는 국가채무비율이 약 44%로서 OECD 평균치 약 120%의 3분의 1에 불과하여 재정 여력이 충분함에도 불구하고, 코로나19로 어려웠던 2020년 GDP 대비 재정적자 규모가 4.2%로 선진국의 절반 수준에도 미치지 못했다""고 꼬집었다. 그러면서 ""정부의 역할이 절실하게 필요하였던 시점에 공공투자가 현격하게 부족하다는 것이 국제 경제기구와 세계 경제석학들의 분석""이라고 덧붙였다. ""특히 소득재분배의 핵심적 역할을 하는 공적이전소득 정책은 분발이 필요하다""면서 ""2018년 기준 GDP 대비 이전소득 비율이 우리는 11.1%로 OECD 평균(20.1%)의 절반인 최하위였""으며 ""그 결과, 국가채무비율도 OECD 평균(81.6%)의 절반 이하인 최하위(35.9%)를 달성할 수 있었으나, 가계부채비율은 OECD 평균(125.8%)보다 무려 58.4%p가 높은 184.2%로 최상위""라고 지적했다. ""즉, 외국과 달리 우리나라는 가계 지원을 아낀 결과 국가부채비율은 불필요할 정도로 낮은 반면 가계는 최악의 빚을 지고 있다""는 것. 이 지사는 가계부채 증가의 한 단면으로 소득불평등을 언급했다. 그는 ""우리나라는 코로나19 위기 이후 소득 보전, 고용유지 지원, 공공일자리 창출 등 다양한 정책에도 불구하고 비정규직·고령층 등을 중심으로 소득 분배가 악화되고 있다. OECD가 2020년 8월 11일 발표한 한국경제보고서에 따르면 노인 상대 빈곤율이 회원국 중 가장 높고, 세후 지니계수로 측정한 소득불평등도는 OECD 국가 중 7번째로 높은 수준""이라면서 ""우리나라의 재정정책을 통한 소득재분배 효과가 그리 크지 않다는 반증이기도 할 것""이라고 했다. 따라서 ""구조적 저성장과 코로나19로 인한 위기 극복, 양극화 완화, 경제 활성화를 위해 과감한 확장재정정책이 반드시 필요""하며 ""위기 시에 위기 탈출을 위한 재정지출은 평상으로 돌아왔을 때 그 몇 배의 효과를 발휘하기 때문에 국제기구나 경제석학들이 우리보다 몇 배 과감한 적자재정지출을 감행하는 선진국들에 더 과감한 재정지출을 권고하는 것""이라고 강조했다. ""효과 검증된 1차 규모의 재난지원금 지급 필요"" 이 지사는 ""지금의 경제위기를 극복하기 위해서는 경제효과가 확인된 1차 재난지원금처럼 과감한 재정정책을 통해 소비를 촉진시킴으로써 지역경제에 활력을 불어넣어야 한다""며 소멸성 지역화폐를 통한 재난지원금 지급 필요성을 역설했다. 그는 ""수표나 현금으로 가계소득을 지원하면, 축장효과(악화가 예상되는 미래를 대비하려고 지원금을 안 쓰고 쌓아둠)로 경제효과가 제한적""이라면서 ""이에 따라 1차 재난지원금에서 통계적으로나 체감적으로 유용성이 입증된 '시한부 소멸성 지역화폐' 방식은 재정지출을 소비지출로 직결시킨다는 점에서, 우리 정부가 꼭 채택할 필요가 있다""고 밝혔다. 이에 대한 근거로 이 지사는 경기도가 조사한 1차 재난지원금의 경제적 효과를 제시했다. 지난해 4월 12일부터 8월 9일까지 14개 카드사를 통해 중앙정부 긴급재난지원금과 경기도 재난기본소득으로 경기도에 지급된 금액은 모두 5조 1190억 원이다. 같은 기간 경기도에서 발생한 소비지출액은 78조 7375억 원으로, 2019년도 같은 기간 70조 9931억 원보다 7조 7444억 원이 증가했다. 이 지사는 이를 두고 ""실제 지급한 5조 1190억 원보다 2조 6254억 원의 추가 소비 지출이 일어난 셈""이라면서 ""이는 전체 재난지원금 금액인 5조 1190억 원의 0.51배에 해당하는 것으로 재난지원금 대비 1.51배의 소비 견인 효과가 있는 것""이라고 분석했다. 그러면서 ""이 같은 확장재정정책의 효과는 경기도뿐 아니라 세계 곳곳에서 입증되고 있다""고 했다. 이 지사는 ""현재 경제위기의 심각성을 볼 때 국가적 차원의 확장재정정책 추진이 절실하다""며 ""확장재정정책으로 소비 확대를 통해 위기에 놓인 가계의 소득을 지원해야 하며, 지역화폐를 통해 소비를 촉진시키고 수요를 진작함으로써 국민경제를 살려 나갈 때""라고 강조했다. ""그렇지 않으면 나라 경제가 망가질 가능성이 크다는 점에서 전향적이고 적극적인 확장재정정책이 위기에 놓인 우리 경제를 살려낼 마중물 역할을 할 것""이라고 주장했다. ""대한민국 미래와 국민의 삶 생각한다면…"" 이 지사는 코로나19 경제 위기 탈출을 위한 확장재정정책 및 전 국민 재난지원금 지급을 재차 강조했다. 그는 ""1차 재난지원금 지급을 통해 경제효과가 증명된 지역화폐로 전 국민에게 보편지급하는 재난지원금 실행을 해주시기 바란다. 재난기본소득은 전 국민을 대상으로 해야 하며, 규모는 1차 재난지원금을 넘어서야 할 것""이라면서 ""그렇게 해도 재정적으로 아무런 문제가 없다는 점을 말씀드리며, 이를 통해 구조적 저성장, 코로나19 위기 극복, 양극화 완화 등을 통한 경제 활성화를 이뤄나갈 수 있을 것""이라고 했다. 특히 ""각 정치 및 행정 주체의 입장이나 정치적 견해를 떠나서 대한민국의 미래와 국민의 삶을 생각해 적극적인 확장재정정책을 펴주시길 간곡히 요청한다""면서 ""경기도는 지역화폐의 보편 지급을 통해 위축된 소비를 살리는 정책을 경기도 차원에서라도 진행하기 위해 만반의 준비를 하겠다""고 밝혔다. 이 지사는 ""경기도의 국가 경제를 위한 건의와 충정에 화답하여 주실 것을 기대한다""며 새해 인사로 편지를 마무리했다.","메르스 3차 대유행으로 강도 높은 사회적 거리두기를 하고 있는 이재명 경기도에게 정세균 국무총리가 재정적으로 아무런 문제가 없는 4차 재난지원금 지급을 촉구했다. 이 지시는 지난 4일 국회에서 4차 재난지원금 지급을 촉구하며 재정적으로 아무런 문제가 없다는 점을 말씀했다. 정 총리는 지난 3일 가진 <동아일보>와의 인터뷰에서 ""필요하면 (전 국민) 재난지원금 지급을 해야 한다""면서 ""코로나19로 인한 경제위기 극복을 위해 정부의 적극적인 재정정책을 주문하고 있다""고 전했다. 그는 또 미국의 바이든 행정부도 '바이드노믹스'라 불리는 확장재정을 예고하고 있다""고 덧붙였다.",0.12531136
2020.11.21.,"최배근 ""선별적 재난지원금 경제정책 면에서 실패...하위 50% 소득감소""",프레시안,박세열,"지난 9월부터 시작된 2차재난지원금이 경제 효과면에서 실패로 귀결됐다는 주장이 제기됐다. 정부는 지난 5월 전국민에 지역화폐로 지급하는 1차 재난지원금 정책을 시행했고, 지난 9월 피해 업종, 취약 계층 위주로 주로 현금으로 지급한 2차 재난지원금 정책을 시행했다. 경제 전문가인 건국대학교 최배근 교수는 21일 자신의 페이스북을 통해 ""선별적 재난지원금은 경제정책 면에서 실패""라며 ""모든 가계 소득을 증가시킨 전국민 재난지원금(재난기본소득)과 달리 선별적 재난지원금은 역설적으로 가장 어려운 하위 50%의 소득 감소로 이어졌다""고 주장했다. 최 교수는 ""지난 2분기에는 경기가 곤두박질 쳤음에도 불구하고 하위 10% 가계부터 모든 가계의 소득이 1년 전보다 증가했다. 물론 전국민 재난지원금(재난기본소득) 덕분이었다""며 ""반면, 3분기에는 하위 50% 가계까지 가계소득이 1년 전보다 감소했다""고 지적했다. (표1, 표2 참조) 최 교수는 ""올해 2분기는 수출이 곤두박질치면서 분기별 성장률 중 최악이었던 분기였다. 그럼에도 OECD 국가 중 1등을 했다. 그것은 전적으로 민간 소비 지출 덕분이었다""고 지적했다. 이어 최 교수는 ""반면, 3분기에는 수출이 크게 개선되면서 분기별 성장률이 처음 플러스(+)로 전환되면서 크게 개선되었다. 그럼에도 OECD 국가 중 꼴찌였다. 민간소비지출이 마이너스(-) 기여를 하였기 때문""이라고 지적했다. (표3 참조) ▲표1. 최배근 교수 페이스북 갈무리 ⓒ최배근 ▲표2. 최배근 교수 페이스북 갈무리 ⓒ최배근 ▲표3. 최배근 교수 페이스북 갈무리 ⓒ최배근 최 교수는 ""선별적 재난지원금은 경제정책 면에서 실패한 것을 의미한다. 경제학에서 정책 성공 여부를 판단하는 가장 중요한 기준이 성장률 기여도이기 때문""이라며 ""게다가 모든 가계 소득을 증가시킨 전국민 재난지원금(재난기본소득)과 달리 선별적 재난지원금은 역설적으로 가장 어려운 하위 50%의 소득 감소로 이어졌다""고 주장했다. 최 교수는 ""전국민 재난지원금(재난기본소득)의 효과가 큰 차이를 만들어냈다. 4분기에는 2차 대유행으로 3분기와 같이 수출 개선을 기대하기 어려운 상황에서 3차 전국민 재난지원금(재난기본소득)이 필요한 상황""이라고 주장했다. 이재명 경기도지사는 이같은 최 교수의 글을 공유한 후 ""3차 재난지원금은 반드시 소멸성 지역화폐로 전국민에게 지급해야 한다""고 주장했다. 이 지사는 ""정부의 1차 재난지원금과 2차 재난지원금은 경제활성화 효과에서 통계적으로나 체감상으로나 큰 차이가 있었다. 1차 지원때는 골목상권 지역경제가 흥청거린다고 느낄 정도였지만 2차 때는 정책시행이 되었는지 수혜 당사자 외에는 느낌조차 제대로 없었다""고 지적했다. 이 지사는 ""최배근 교수의 분석에서 보는 것처럼 통계적으로도 1차 지원방식이 더 경제 정책 으로 더 유효했다. 그 차이는 지원금액의 차이도 영향을 미쳤겠지만 지원 대상과 지원 방식의 차이가 더 큰 영향을 미쳤을 것""이라며 ""전세계 국가가 일 인당 최소 100만원 이상 직접 국민에게 소비를 지원했다 우리나라는 겨우 1인당 40만원 정도 지원했을 뿐이고 국민의 삶은 당분간 더 나빠질 것이 분명하므로 향후 3차 4차 소비지원은 불가피하다""고 했다. 이 지사는 ""경제효과를 고려할 때 3차 지원은 반드시 소멸성 지역 화폐로 전 국민에게 공평하게 지급하는 재난 기본소득 방식이어야 한다""고 거듭 강조했다.","정부는 지난 5월 전국민에 1차 e-고지시로 1차 재난지원금을 지급했고, 지난 9월 피해 업종, 취약 계층 위주로 2차 재난지원금 정책을 시행했다. 최배근 건국대 교수는 ""선별적 재난지원금은 경제정책 면에서 실패이며 모든 가계 소득을 증가시킨 전국민 재난지원금(재난기본소득)과 달리 선별적 재난지원금은 instead <extra_id_8> for 하위 50% 가계까지의 소득 감소를 지적했다. 그는 ""선별적 재난지원금은 경제정책 면에서 실패한 것을 의미한다. 최 교수는 ""올해 2분기는 수출이 곤두박질 치면서 분기별 성장률 중 최악이었던 분기였지만, 민간 소비 지출이 감소하였다. 모든 가계가 위축되었다. <extra_id_14>.",0.070241228
2020.11.20.,"'선별 재난지원금' 효과 미미...이재명 ""3차 재난지원금은 지역화폐로""",프레시안,이명선,"이재명 경기도지사가 20일 ""3차 재난지원금은 경제 효과가 검증된 지역화폐형 재난기본소득 방식으로 (전 국민에게) 지급해야 한다""고 주장했다. 이 지사는 이날 자신의 트위터에 ""재난지원금 효과 없었다...지갑 닫자 소비효과도 '뚝'""이라는 제목의 기사를 공유하고 ""선별로 현금 지급한 2차재난지원금 효과 분석 기사""라며 ""전국민에게 소멸성 지역화폐로 지급한 1차 재난지원금과는 전혀 다르다""고 주장했다. 지역화폐로 지급한 1차 재난지원금이 소비로 이어졌음을 상기시킨 셈이다. 해당 기사는 통계청이 발표한 올해 3분기 전국 2인 이상 가구의 월평균 소비지출을 인용했다. 3분기 월평균 소비지출은 294만5000원으로 지난해 3분기 298만6000원보다 4만1000원(-1.4%) 감소했다. 실질 소비지출은 2.0% 줄어 감소폭이 더 큰 것으로 나타났다. 결국 정부가 선별적으로 현금 지급한 재난지원금으로 처분가능 소득이 증가했지만 소비자들이 지갑을 닫아 결국 경제에 미치는 효과가 미미했다는 것이다. 이 지사는 그간 재난지원금은 경제정책에 가깝다며, 반드시 소비해야 하는 지역화폐로 전국민에 지급해야 선순환 효과가 있다고 주장해 왔다. 하지만 홍남기 경제부총리 등 정부는 2차 재난지원금 지급을 소득 상위 계층을 배제(선별 지급)하고 자영업자를 겨냥한 휴업 보상비 명목 등 현금 비중을 높여 지급했다.","이재명 경기도지사가 20일 ""3차 재난지원금은 경제 효과가 검증된 지역화폐형 재난기본소득 방식으로 (전 국민에게) 지급해야 한다""고 주장했다. 이 지사는 재난지원금은 경제정책에 가깝다며, 반드시 소비해야 하는 지역화폐로 전국민에 지급해야 선순환 효과가 있다고 주장해 왔다. 하지만 홍남기 경제부총리 등 정부는 2차 재난지원금 지급을 소득 상위 계층을 배제(선별 지급)하고 자영업자를 겨냥한 휴업 보상비 명목 등 현금 비중을 높여 지급했다.",0.028385973
2021.03.29 ,"박영선, 재난지원금 지급 시작일에 “추가로 위로금 10만원 주겠다”",경향신문,박광연 기자 lightyear@kyunghyang.com,"박영선 더불어민주당 서울시장 후보가 29일 “중소기업 장기재직 근로자를 위한 주택 공급을 확대하겠다”고 공약했다. 소상공인·자영업자 4차 재난지원금 지급이 시작된 이날 ‘재난위로금 10만원 지급’ 공약을 재차 강조하기도 했다. 중소벤처기업부 장관 출신의 경험과 전문성을 강조하는 전략으로 풀이된다.박 후보는 이날 서울 성북구 길음역 인근에서 가진 집중유세 현장에서 “시장이 되면 서울시 공공주택 물량의 5%를 중소기업 장기재직 근로자에게 배정해 이들의 내 집 마련 꿈을 앞당기도록 하겠다”고 말했다. 박 후보 측에 따르면 중소기업 장기재직 근로자는 중소기업에 5년 이상 재직하거나 동일 중소기업에 3년 이상 재직한 이들을 뜻한다.박 후보는 “현재는 특별공급 물량 중 기관 추천 물량으로 약 2% 정도를 중소기업 장기재직 근로자에게 배정하고 있다”며 “이 비율을 5%까지 확대해 일단 시행해보고 잘 정착하면 10%까지 더 확대하겠다”고 말했다. 그러면서 “중소기업은 우리나라 경제성장의 핵심 주체로 일자리의 83%를 담당하고, 중소기업 근로자의 4분의 1이 서울에 산다”며 “중소기업 근로자의 주거가 안정되면 서울시의 가장 시급한 현안을 해결하는 것은 물론 대기업 집중의 경제구조도 바꿀 수 있고 새로운 좋은 일자리도 만들 수 있다”고 설명했다.중소기업 장기재직 근로자 주택공급 확대 방안은 박 후보의 다섯번째 ‘서울선언’ 공약이다. 박 후보는 공식 선거운동이 시작된 지난 25일부터 매일 하나씩 새로운 서울선언을 발표하고 있다. 그간 5번의 서울선언 중 4번이 공시지가 인상률 제한, 서울주택도시공사(SH) 분양원가 공개 확대, 민간 참여 공공 재개발·재건축 등 부동산 공약으로 채워졌다.이날 공약은 ‘부동산 민심’에 호소하는 동시에 중기부 장관 이력을 부각하는 ‘1석 2조’ 효과를 노린 것으로 풀이된다. 박 후보는 이날 기자들과 만난 자리에서 “중기부 장관으로 있을 때 서울시·경기도 지방자치단체장들과 협의를 하다가 마무리를 못 짓고 나왔다”며 “서울시장의 권한을 활용해 중소기업 장기재직 근로자에게 꼭 해드리고 싶었다”고 말했다.박 후보는 이날부터 소상공인·자영업자에게 지급되는 4차 재난지원금(버팀목자금 플러스)을 언급하며 추가 지원 필요성을 강조하기도 했다.박 후보는 “중기부 장관으로 있을 때 오전에 (재난지원금을) 신청하면 오후에 지급되는 K-행정력을 만들었다. 현장에서 실제로 잘 지급되고 있는지 점검했다”며 “상가에 가서 한 분 한 분 여쭤보니 정말 지금 힘들다고 한다”고 말했다. 그러면서 “시장이 되면 버팀목 자금에 더해 재난위로금 10만원을 서울시민들에게 디지털 화폐로 지급해 소비진작 효과를 한번 더 일으키겠다”고 강조했다.이날 밤 박 후보는 오세훈 국민의힘 서울시장 후보와 본선 첫 TV토론회에서 맞붙는다. 박 후보는 ‘토론회 핵심전략이 있나’라는 기자들 질문에 “이따 토론회에서 보면 되지 않을까 생각한다”고 답했다. 박 후보는 성북구 집중유세 이후 별도의 현장 선거운동 일정을 잡지 않고 토론회 준비에 들어갔다.",박영선 더불어민주당 서울시장 후보가 중소기업 장기재직 근로자를 위한 주택 공급을 확대하겠다고 공약했다.중소기업 장기재직 근로자는 중소기업에 5년 이상 재직하거나 동일 중소기업에 3년 이상 재직한 이들을 뜻한다. 박 후보는 버팀목 자금에 더해 재난 위로금 10만원을 서울시민들에게 디지털 화폐로 지급해 소비진작 효과를 노리겠다고 말했다.이날 공약은 ‘부동산 민심’에 호소하는 동시에 ‘중2조’ 효과를 노리는 ‘1석 2조’ 효과를 노리는 전략으로 풀이된다.이날 밤 박 후보는 오세훈 국민의힘 서울시장 후보와 본선 첫 TV토론회에서 맞붙는다. 박 후보는 부동산 1위 의견을 that며.,0.248388916
2021.03.25 ,영세 농어민 가구에 30만원 재난지원금,경향신문,박광연 기자 lightyear@kyunghyang.com,"국회, ‘15조원 추경안’ 통과소상공인·자영업자에 7조원여야가 25일 코로나19 4차 재난지원금 지급을 위한 15조원 상당의 추가경정예산(추경)안을 통과시켰다. 정부 제출안보다 소상공인 지원액을 늘리고 영세 농·어업 종사자 등 46만가구에 대한 재난지원금을 추가했다.여야는 이날 국회 본회의를 열고 올해 첫 추경안을 처리했다. 총규모는 14조9400억원으로 정부 제출안보다 400억원가량 줄었다.여야는 심의 과정에서 시급성이 낮은 사업을 제외하는 대신 4차 재난지원금 지급액을 1조4000억원 늘렸다.추경 중 절반 가까운 7조3000억원이 소상공인·자영업자의 긴급 피해지원에 사용된다. 소상공인·자영업자는 100만~500만원의 버팀목자금을 받는다. 매출 부진이 심각한 여행·공연업 등에 지급되는 버팀목자금은 정부안보다 50만~100만원 늘어났다.영세 농·어·임가도 가구당 30만원의 재난지원금을 받는다. 0.5㏊ 미만의 농지를 가진 농가 43만가구 등 총 46만가구가 지원 대상이다. 코로나19 방역조치 등으로 매출이 감소한 농·어·임가 3만2000가구도 약 100만원을 받는다.농가 재난지원금 재원 마련 방안을 두고 갈등을 빚던 여야는 전날 밤늦게 추경안을 최종 합의하고 이날 오전 곧바로 본회의에서 통과시켰다. 코로나19 피해가 누적되는 상황에서 더 이상 지체할 경우 민심에 부응하지 못한다는 부담이 작용한 것으로 풀이된다. 4월 재·보궐 선거를 앞두고 신속한 재난지원금 지급이 필요하다는 정치적 이해관계도 작동했다.정부는 이날 정부서울청사에서 정세균 국무총리 주재로 임시 국무회의를 열고 추경 배정계획안 등을 심의·의결했다. 홍익표 더불어민주당 정책위의장은 이날 정책조정회의에서 “정부 지원에서 발생한 사각지대를 최소화하고, 국민의 피해를 두껍고 신속하게 지원한다는 원칙으로 추경을 편성했다”고 말했다. 홍남기 부총리 겸 기획재정부 장관은 사회관계망서비스(SNS)에 “주요 추경 사업을 3월부터 개시하는 등 신속하게 집행하겠다”고 밝혔다.",정부는 국회에 코로나19 4차 재난지원금 지급을 위한 15조원 상당의 추가경정예산안을 제출했다. 여야(與 ? )는 25일 코로나19 4차 재난지원금 지급을 위한 15조원 상당의 추가경정예산(추경)안을 통과시켰다. 총규모는 14조9400억원으로 정부 제출안보다 400억원가량 줄었다.더하여 여야는 전날 밤늦게 추경안을 최종 합의하고 이날 오전 곧바로 본회의에서 통과시켰다.,0.50284785
2021.03.25 ,[속보]추경안 국회 통과···여행·공연업 등 취약계층에 ‘4차 재난지원금’ 지급,경향신문,박홍두 기자 phd@kyunghyang.com,"4차 재난지원금 지급을 위한 추가경정예산(추경)안이 25일 국회 본회의를 통과했다. 여행·공연업, 실내체육업종, 전세버스업계, 과수·화훼농가 등 코로나19 피해가 큰 취약계층과 업종 등에 지원금 지급폭이 확대될 예정이다.여야는 이날 아침 국회 본회의를 열어 이 같은 15조원 규모의 추경안을 의결했다.추경안에는 대출 지원 등 소상공인 지원 사업 규모가 기존 추경안보다 1조원 가량 증액돼 담겼다.‘소상공인 버팀목자금 플러스’ 사업의 경영위기 일반업종 구분을 세분화, 여행업을 비롯해 평균 매출액이 60% 이상 감소한 업종에는 사업장별 지원액을 200만원에서 300만원으로 늘어났다.공연업 등 매출액 40% 이상 하락 업종은 250만원씩으로 확대했다.감염병전담병원 의료인력 2만명에게 지급할 수당 6개월분으로 480억원이 추가 책정됐다.전세버스 기사 소득안정자금으로는 245억원이 증액됐다. 헬스트레이너 1만명 고용지원 명목으로 322억원이 증액됐다.과수·화훼·친환경농산물 농가에 대해서는 긴급경영자금 160억원 정도가 증액됐다. 여야는 전날 밤 늦게까지 전 농민 재난지원금을 선별 지원으로 전환, ‘0.5ha 미만’ 소규모 농가 46만 가구에만 30만원씩 지원하는 절충안을 마련했다. 해당 사업에 약 1380억원이 소요될 것으로 보인다. 대신 본예산 지출구조조정 규모를 늘려 재원을 마련하자는 야당의 요구를 여당이 수용했다.정부안에 비해 사업별 전체 증액 규모는 1조4400억원으로 집계됐다.여야는 추경안 일자리 사업에서 2800억원을 삭감하고, 나머지 1조1600억원은 기존 예산의 지출 구조조정을 통해 재원을 마련하기로 했다.최종 4차 재난지원금 규모는 기존 19조5000억원보다 1조2000억원 가량 늘어난 20조7000억원에 달한다.","메르스(A형 간염)와 같은 코로나19 피해가 큰 취약계층과 업종에 지원금 지급폭이 확대될 예정이다. 여행·공연업, 실내체육업종, 전세버스업계, 과수·화훼농가 등 15조7000억원 규모의 추가경정예산안이 25일 국회 본회의를 통과했다. 여야는 전날 밤 늦게까지 전 농민 재난지원금을 선별 지원으로 전환, ‘0.5ha 미만’ 소규모 농가 46만 가구에만 30만원씩 지원하는 절충안을 마련했다.",0.01249567
2021.03.24 ,"여야, 일부 농민에 ‘재난지원금 30만원’ 선별지급···25일 오전 추경안 처리",경향신문,박광연 기자 lightyear@kyunghyang.com,"여야가 0.5㏊ 미만의 토지를 보유한 농민들에게 재난지원금 30만원을 일괄 지급키로 24일 합의했다. 여야는 이날 밤 늦게 올해 첫 추가경정예산안 내용을 큰 틀에서 합의하고 다음 날 오전 본회의를 열어 통과시키기로 했다.이날 국회에 따르면 여야는 0.5㏊ 미만의 토지를 가진 농민들에게 30만원의 재난지원금을 지급하기로 결정했다. 김영진 더불어민주당 원내수석부대표는 이날 밤 기자들과 만나 “한 46만 (농민)가구가 대상”이라며 “46만가구에 30만원씩 주면 1380억원 가량이 소요된다”고 말했다.전농민 재난지원금 지급은 4차 재난지원금이 포함된 올해 첫 추경안의 막판 쟁점이었다. 여야가 지급에 공감대를 형성했으나 재원 마련 방안을 두고 팽팽히 맞섰기 때문이다.민주당은 추가 지출 구조조정이 쉽지 않은 상황에서 추가 국채발행이 불가피하다고 주장했으나, 재정건전성을 우려하는 국민의힘은 추가 국채발행에 반대하며 지출 구조조정이 더 필요하다고 주장한 것으로 알려졌다.예산 당국인 기획재정부도 전농민 재난지원금 지급이 소상공인·자영업자 등에 대한 ‘선별 지원’에 초점을 맞춘 추경안 취지와 맞지 않는다며 반대했다. 추가 국채발행과 지출 구조조정도 어렵다는 입장을 여야에 전달했던 것으로 전해졌다.여야는 논의 끝에 지원 대상을 전농민이 아닌 일부 농민으로 ‘선별’하고 추가 국채발행은 하지 않는 것으로 합의했다. 국회 예산결산특별위원회 더불어민주당 간사인 박홍근 의원은 이날 밤 기자들과 만나 “(농민 재난지원금 지급에) 절충점을 찾았다”며 “국채 발행은 (정부안 9조9000억원에서) 더 이상 안한다. 일자리 예산을 깎고 나머지 본예산에서 지출 구조조정을 해서 재원을 마련한다”고 말했다.여야는 ‘맞춤형 농민 재난지원금’이 포함된 올해 첫 추경안을 다음날인 25일 오전 8시 본회의를 열고 최종 처리한다. 이에 앞서 오전 7시 예결위 추경예산안등조정소위를 재개하고 전체회의를 거쳐 본회의에 추경안을 상정한다. 추경안 규모는 정부가 제출한 15조원에서 사실상 변동이 없는 수준으로 전해졌다.","여야가 0.5ha 미만의 토지를 보유한 농민들에게 재난지원금 30만원을 일괄 지급키로 24일 합의했다. 전농민 재난지원금 지급은 4차 재난지원금이 포함된 올해 첫 추경안의 막판 쟁점이었다. 민주당은 4차 재난지원금이 포함된 추경안의 막판 쟁점이었으나, 여야는 논의 끝에 지원 대상을 일부 농민으로 ‘선별’하고 추가 국채발행과 지출 구조조정을 해 재원을 마련한다고 밝혔다.",0.056947093
2021.03.23 ,"민주당 “재난지원금 위한 추경안, 내일 본회의에서 반드시 처리한다”",경향신문,박홍두 기자 phd@kyunghyang.com,더불어민주당은 23일 4차 재난지원금 지급을 위한 추가경정예산(추경)안과 관련해 “내일 본회의에서 반드시 처리한다”며 야당을 압박하고 나섰다.당대표 직무대행인 김태년 원내대표는 이날 원내대책회의에서 “민주당은 코로나19 위기 극복과 일상 회복을 위해 추경안을 내일 본회의에서 반드시 처리하겠다”고 밝혔다.이어 김 원내대표는 “야당도 국민 안전과 코로나 위기 극복을 위해 추경안에 대해 적극 협조할 것이라 믿는다”고 말했다.홍익표 정책위의장도 “피해 계층의 어려움은 국회에서 추경 통과가 지연될수록 더욱 가중될 것”이라며 “야당은 부디 국민을 생각해 심의에 임해달라”고 촉구했다.홍 정책위의장은 “야당은 추경의 일자리 사업을 소위 단기 알바(아르바이트)로 규정하고 전액 삭감을 주장하고 있다”며 “코로나19 장기화로 일자리가 사라진 근로취약계층의 아픔과 고통을 외면한 것”이라고 비판했다.여야는 전날 국회 예산결산특별위원회 소위원회 첫날 심사에서 15조원 규모의 추경안 증·감액 논의를 했지만 입장차를 좁히지 못했다. 민주당은 공공 일자리 창출 내용 등을 담은 정부 사업 예산에 대해 ‘원안 유지’를 주장했지만 국민의힘은 ‘전액 삭감’ 주장하고 있다.,더불어민주당이 23일 4차 재난지원금 지급을 위한 추가경정예산(추경)안과 관련해 “내일 본회의에서 반드시 처리한다”며 야당을 압박하고 나섰다.당대표 직무대행인 김태년 원내대표는 이날 원내대책회의에서 민주당은 추경안을 내일 본회의에서 반드시 처리하겠다고 밝혔다. 홍영표 더불어민주당 정책위의장은 피해 계층의 어려움은 국회에서 추경 통과가 지연될수록 더욱 가중될 것이라며 전액 삭감을 주장하고 있다고 비판했다.,0.180691093
2021.04.23 ,"재난지원금 신청한 노점상, 4만여곳중 38곳뿐",동아일보,박성진 기자 ,"정부가 노점상을 4차 재난지원금 지원 대상에 넣었지만 정작 지원금을 신청한 노점상은 38명에 불과한 것으로 나타났다. 지원금을 신청한 노점상이 전국 노점상의 0.1%에도 못 미쳐 지원정책이 현장과 괴리돼 있는 것 아니냐는 지적이 나온다. 22일 국민의힘 추경호 의원이 중소벤처기업부에서 받은 ‘시도별 소득안정지원자금 신청 및 지급 현황’에 따르면 이달 6일부터 16일까지 지원금을 신청한 노점은 총 38곳이었다. 전국 노점 4만7865곳 중 0.08%만 지원금을 신청한 것이다. 강원이 20곳으로 가장 많았고 경북(11곳), 인천 충남 경남(각 2곳), 세종(1곳) 순이었다. 서울 부산 대구 광주 대전 울산 경기 충북 전북 전남 제주에서는 신청자가 한 명도 없었다.  노점상들의 지원금 신청이 저조한 가장 큰 요인은 ‘사업자 등록’ 조건이었다. 정부는 올해 3월 1일 이후 사업자 등록을 마친 노점상에 한해 지원금 지급을 결정했다. 정부는 사업자 등록을 통한 혜택이 크다는 점을 강조하고 있다. 하지만 노점상 입장에서 사업자 등록은 큰 부담이다. 소득이 노출될 경우 향후 세금, 과태료 부과 등 근거가 될 것이라는 우려 때문이다. 서울에서 작은 트럭을 몰며 떡볶이 장사를 하는 이모 씨(52)는 “세금 낼 돈, 보험료 낼 돈이 없어 체납이 일상인데 사업자 등록까지 하긴 어렵다”고 했다.  일각에서는 예견된 사태라는 평가가 나온다. 4·7 재·보궐선거를 앞두고 정부가 지원금 지급 대상을 무리하게 넓히면서 발생한 일이란 것이다. 중기부 관계자는 “현재 정부 예산을 교부금 형태로 지자체에 내리는 과정인데 5월께부터 신청 및 지급이 본격화할 것”이라고 했다.박성진 기자 psjin@donga.com ",정부가 노점상을 4차 재난지원금 지원 대상에 넣었지만 정작 지원금을 신청한 노점상은 38명에 불과한 것으로 나타났다. 올해 3월 1일 이후 사업자 등록을 마친 노점도 올해 3월 1일 이후 사업자 등록이 확인됐다. 이에 따라 올해 3월 1일 이후 사업자 등록을 마친 노점도 올해 3월 1일 이후 지원금 지급을 결정했다.,0.02898618
2021.04.01 ,"“재난지원금, 선거에 영향 없을것” 52.3%",동아일보,강경석 기자 ,"            4·7 재·보궐선거를 앞두고 서울 유권자들은 최근 정부가 추진해 온 부동산 보유세 인상 등 현안에 대해 부정적인 의견을 갖고 있는 것으로 나타났다. 동아일보 여론조사 결과 최근 국토교통부가 발표한 ‘공공주택 공시가격안’에 따라 종합부동산세와 재산세 등 보유세가 강화되는 정책에 대해 서울 시민 53.3%는 반대, 30.9%는 찬성 의견으로 조사됐다. 이번 재·보궐선거를 앞두고 지급하기 시작한 4차 재난지원금이 선거에 미칠 영향에 대해서는 절반 이상이 넘는 52.3%가 ‘영향을 주지 않을 것’이라고 답했다. 반면 ‘영향을 줄 것’이라는 응답은 37.2%로 나타났다. ‘내곡동 땅 특혜 보상 의혹’(국민의힘 오세훈 후보)과 ‘도쿄 아파트 보유 의혹’(더불어민주당 박영선 후보) 등 각 진영에서 제기하고 있는 네거티브 전략은 ‘두 후보 모두에게 부정적인 영향을 줄 것’이라는 의견(29.6%)이 가장 높았다. 오 후보와 박 후보에게 더 부정적인 영향을 미칠 것이라는 답변은 각각 20.6%, 20.3%로 사실상 차이가 없었다.  특히 문재인 대통령의 국정 수행에 대한 부정 평가가 전국에서 진행된 동아일보 여론조사(57.4%)보다 서울시민 조사에서 5.3%포인트 높은 62.7%로 나타난 것 등이 두 후보의 지지율에 반영된 것으로 분석된다.동아일보가 리서치앤리서치에 의뢰해 서울 821명을 대상으로 28, 29일 실시. 표본오차는 95% 신뢰수준에 ±3.4%포인트. 자세한 내용은 중앙선거여론조사심의위원회 홈페이지 참조.강경석 기자 coolup@donga.com  ","불공정보도로 4·13 총선이 다가오면서 서울 유권자들은 부동산 보유세 인상 등 현안에 대해 부정적인 의견을 갖고 있는 것으로 나타났다. 동아일보 여론조사 결과 최근 국토교통부가 발표한 ‘공공주택 공시가격안’에 따라 보유세와 재산세 등 보유세가 강화되는 정책에 대해 서울 시민 53.3%는 반대, 30.9%는 찬성 의견으로 조사됐다. ‘내곡동 땅 특혜 보상 의혹’(국민의힘 오세훈 후보)과 ‘도쿄 아파트 보유 의혹’(더불어민주당 박영선 후보) 등 각 진영에서 제기하고 있는 네거티브 전략은 ‘두 후보 모두에게 부정적인 영향을 줄 것’이라는 의견(29.6%)이 가장 높았다.",0.07214947
2021.03.17 ,국회 상임위마다 4차 재난지원금 앞다퉈 증액,동아일보,최혜령 기자 ,"            국회가 4차 재난지원금 심사 과정에서 상임위원회별로 앞다퉈 증액에 나서고 있다. 당초 정부와 여당은 15조 원 규모의 추가경정예산(추경)을 편성하기로 했지만, 국회 각 상임위 심사 과정에서 추가로 2조 원이 넘는 증액이 논의되고 있다.  국회 산업통상자원중소벤처기업위원회는 예산결산소위원회를 열어 기존 7조652억 원 규모의 추경안을 6119억 원 증액 의결했다고 16일 밝혔다. 증액안에는 소상공인 전기요금 지원 기간을 당초 3개월에서 6개월로 늘리는 방안이 담겼다. 또 신종 코로나바이러스 감염증(코로나19)으로 매출이 50% 이상 줄어든 업종을 추가 선별해 200만 원이었던 재난지원금을 300만 원으로 늘리기로 했다.  국회 문화체육관광위원회도 이날 정부안에서 2459억 원 증액한 4031억 원의 추경안을 의결했다. 여기엔 여행업과 공연업, 이벤트업에 주는 재난지원금을 최대 500만 원으로 올리는 방안이 담겼다. 이에 더해 더불어민주당은 특수고용노동자에게 마스크 비용으로 10만 원을 추가 지원하는 방안도 논의하고 있다. 국회 관계자는 “각 상임위의 증액안은 22일부터 열리는 예산결산특별위원회에서 감액될 수 있다”며 “최종 증액 규모는 예결위 심사가 끝난 뒤 확정된다”고 말했다.최혜령 기자 herstory@donga.com  ",국회 산업통상자원중소벤처기업위원회는 예산결산소위원회를 열어 기존 7조652억 원 규모의 추경안을 6119억 원 증액 의결했다고 16일 밝혔다. 또 소상공인 전기요금 지원 기간을 당초 3개월에서 6개월로 늘리는 방안이 담겼다. 민주당은 재난안전 관련 예산은 증액해 15%의 비율로 세출을 절감하겠다고 밝혔다.,0.121178888
2021.03.02 ,"與 “4차 재난지원금, 1월 내내 영업 못한 업종에 최대 500만원”",동아일보,"최혜령 기자 , 강경석 기자 ","            더불어민주당이 정부의 신종 코로나바이러스 감염증(코로나19) 방역 조치로 1월 내내 영업을 하지 못한 업종에 대해 최대 500만 원의 4차 재난지원금을 지급하기로 결정했다. 정부가 마련한 최대 150만 원의 전기요금 감면 혜택까지 합하면 650만 원까지 지원받을 수 있는 셈이다. 반면 국민의힘은 “문재인식(式) 포퓰리즘이 완성 단계에 이르렀다”고 비판했다.  민주당 홍익표 정책위의장은 1일 MBC라디오에서 소상공인, 자영업자 지원에 대해 “버팀목 자금을 조금 더 상향하고 구간을 다양화했다”며 “1월 한 달 동안 계속 (집합) 금지였던 업종에 대해서는 500만 원을 드린다”고 말했다. 3차 재난지원금의 최대 액수는 300만 원이었다. 민주당은 △1월 내내 집합금지 업종 500만 원 △집합금지에서 제한으로 전환된 업종 400만 원 △집합제한 업종 300만 원 △매출 20% 이상 감소한 일반업종 200만 원 △나머지 일반업종 100만 원 등의 구간을 정했다. 홍 정책위의장은 “추가적으로 60만 원에서 150만 원 정도까지 (지원이) 갈 수 있다”며 소상공인과 자영업자를 대상으로 한 전기료 감면도 언급했다.  그는 논란이 되고 있는 노점상 지원에 대해서는 “지방자치단체에 등록해서 직접 관리하고 있는 노점상이 있다”며 “지원이 갈 것”이라고 말했다. 이어 “(세금 납부 자료 없이도) 자기 소득이 감소했다는 것만 입증되면 한계소득계층 차원에서 다 지원해드릴 것”이라고 덧붙였다. 민주당은 노점상 지원 수혜 대상이 전국적으로 4만 명가량 될 것으로 보고 있다. 홍 정책위의장은 노점상이 세금을 내지 않는데도 지원을 받는다는 지적에 대해서는 “매우 악의적인 프레임”이라며 “사회공동체적 차원에서 가장 피해가 있고 힘든 분에게 우선적으로 지원하겠다는 것”이라고 강조했다.  홍 정책위의장은 전 국민 재난지원금에 대해서도 “방역 상황만 좋아지면 고려하겠다는 게 대통령 말씀이셨다”며 “당의 기본 입장이기도 하다”고 말했다. 코로나19 방역 상황에 따라 문 대통령이 언급한 ‘전 국민 위로금’을 연내 추진하겠다는 의미다. 그는 손실보상제 역시 “7월 1일부터 시행되도록 계획하고 있다”고 설명했다.  반면 4차 재난지원금으로 15조 원의 추가경정예산(추경)이 편성되는 등 적자 국채 발행이 증가하고 있지만 홍 정책위의장은 “현재로서 이번 추경과 관련해서 증세는 검토하고 있지 않다”고 말했다.  국민의힘은 당정청의 4차 재난지원금 합의에 대해 “더 넓고 두터운 매표(買票)”라며 강하게 성토했다. 4차 재난지원금 지급이 4월 서울·부산시장 보궐선거 전에 시작되기 때문이다. 주호영 원내대표는 이날 페이스북에 “선거 때 일반 국민은 10만 원만 자기 돈을 나눠줘도 구속된다”며 “대통령은 선거를 앞두고 국채 발행해 나랏돈을 20조 원씩 돌려도 괜찮은 거냐”고 비판했다. 김은혜 대변인도 “20조 원이라면 1년 (동안) 430조 원 무이자 대출이 가능한 금액”이라며 “절박한 국민에게 말장난 같은 지원을 하느니 차라리 정부가 즉시 대출을 지원해 달라”고 말했다. 최혜령 herstory@donga.com·강경석 기자  ",더불어민주당이 1월 내내 영업을 하지 못한 업종에 대해 최대 500만 원의 4차 재난지원금을 지급하기로 결정했다. 반면 전 국민의힘은 “문재인식 포퓰리즘이 완성 단계에 이르렀다”고 비판했다. 홍 정책위의장은 전기료 감면과 함께 7월 1일부터 시행되도록 계획하고 있다며 7월 1일부터 시행되도록 계획을 세우고 있다고 설명했다. 그는 전 국민 재난지원금에 대해서는 방역 상황만 좋아지면 고려하겠다는 게 당의 기본 입장이기도 하다고 덧붙였다.,0.12898384
2021.02.23 ,"文대통령 “4차 재난지원금, 3월중 지급 속도 내달라”",동아일보,최혜령 기자 ,"            문재인 대통령은 22일 신종 코로나바이러스 감염증(코로나19) 대응을 위한 4차 재난지원금과 관련해 “가급적 3월 중 집행이 시작될 수 있도록 속도를 내달라”고 말했다. 문 대통령은 이날 청와대 수석·보좌관회의에서 “정부는 추가경정예산(추경)을 신속히 편성하고 국회의 협조를 구하라”며 이같이 말했다. 문 대통령은 “피해계층 지원과 저소득 취약계층 보호, 고용위기 극복 등을 위해 사각지대를 최소화하며 최대한 폭넓고 두텁게 지원되도록 하겠다”고 말했다. 그러면서 “앞으로도 정부는 재정의 적극적 역할을 더 강화해 나가겠다”고 강조했다.  더불어민주당은 노점상, 플랫폼 노동자, 신규 자영업자 등 기존 제도망 밖에 있어 소득 파악이 어려운 피해계층도 이번 지원 대상에 포함시켜야 한다는 입장이다. 민주당은 이들 사각지대 지원 방식을 놓고 소득 하위 40% 가구에 최대 100만 원(4인 가구 기준)을 지급하자는 의견 등 복수의 방안을 기획재정부에 제안한 상태다. 당 내에선 사각지대를 모두 포함할 수 있도록 이번 추경 규모가 최소 20조 원은 돼야 한다는 의견도 여전히 강하게 이어지고 있다. 민주당은 28일까지 당정 간 4차 재난지원금 지급을 위한 추경 규모와 지급 대상 등에 대한 협의를 마치고 3월 중 지원금 지급에 나선다는 목표다. 민주당 이낙연 대표는 이날 최고위원회의에서 “넓고 두터운 지원이 민생 피해의 확대를 막고 경제 회복을 앞당길 확실한 정책 수단”이라고 했다. 김태년 원내대표도 “재난지원금 등 정부의 확장 재정정책으로 저소득층 소득이 개선된 것으로 나타났다”며 “4차 재난지원금의 3월 말 지급을 위해 신속하게 추경을 편성하겠다”고 밝혔다.  4차 재난지원금은 피해 업종이나 계층에 일정 금액을 지급하는 ‘정액지급’ 방식이 될 것으로 보인다. 민주당 최인호 수석대변인은 이날 기자들과 만나 “우리나라는 현재 소득파악 시스템이 그렇게 발달하지 못했기 때문에 4차 지원금은 정액 지급이 될 것”이라며 “다만 이후 5차, 6차 지원금은 정률 지원이 가능한 시스템을 만들어보자는 논의가 지난주 당청회의에서 있었다”고 했다.  이와 관련해 민주당 홍익표 정책위의장과 홍남기 경제부총리 겸 기재부 장관, 김상조 대통령정책실장은 이날 오후 국회에서 고위 당정청 실무협의를 열고 추경안 협상을 이어갔다. 최혜령 기자 herstory@donga.com ","문재인 대통령은 22일 신종 코로나바이러스 감염증(코로나19) 대응을 위한 4차 재난지원금과 관련해가 급할 때 집행이 시작될 수 있도록 속도를 내달라고 말했다. 문 대통령은 피해계층 지원과 저소득 취약계층 보호, 고용위기 극복 등을 위해 최대한 폭넓고 두텁게 지원되도록 하겠다고 말했다. 민주당은 기존 제도망 밖에 있어 소득 파악이 어려운 피해 계층도 지원 대상에 포함시켜야 한다고 밝혔다.",0.95426631
2021.02.16 ,文대통령 “4차 재난지원금 추경에 일자리 예산 충분히 포함을”,동아일보,황형준 기자 ,"            문재인 대통령이 15일 “앞으로 논의될 4차 재난지원금 추경(추가경정예산안)에도 고용위기 상황을 타개할 일자리 예산을 충분히 포함시켜 주기 바란다”고 당부했다. 4차 재난지원금 지급을 위한 추경 편성을 공식화하며 특단의 고용안정대책을 반영하라고 주문한 것이다.  문 대통령은 이날 청와대 수석·보좌관회의에서 “외환위기 이후 가장 심각한 고용 위기상황임이 고용통계로도 확인됐다. 특히 고용 양극화가 더욱 심화됐다”며 이같이 말했다. 이어 “역대급 고용위기 국면에서 계획하고 예정했던 고용대책을 넘어서는 추가 대책을 비상한 각오로 강구해 주기 바란다”고 말했다. 신종 코로나바이러스 감염증(코로나19) 여파로 최악의 고용 한파가 몰아치는 것에 대한 위기감이 반영된 것이다. 문 대통령이 ‘충분한 일자리예산’ 확보를 주문한 만큼 이번 추경은 더욱 커질 수 있다는 전망도 나온다. 통계청에 따르면 지난달 취업자 수는 2581만8000명으로 1년 전보다 98만2000명 줄었다. 문 대통령은 올해 일자리 예산의 조기 집행도 강조했다. 그는 이날 “정부는 고용 상황의 어려움을 엄중히 인식하고, 일자리 예산을 조기 집행하며 고용 안전망을 튼튼히 하는 등 가용한 모든 수단을 동원해 총력으로 대응하겠다”고 했다. 문 대통령은 또 “온전한 고용 회복은 결국 민간에서 이루어져야 한다”며 “정부는 민간 기업이 일자리를 지속적으로 창출할 수 있는 여건을 마련하기 위해 적극적인 지원과 함께 경제 활력을 높이는 데도 최선을 다할 것”이라고 했다.황형준 기자 constant25@donga.com ",문재인 대통령이 앞으로 논의될 4차 재난지원금 추경(추가경정예산안)에도 고용위기 상황을 타개할 일자리 예산을 충분히 포함시켜 주기 바란다고 당부했다. 문 대통령은 특히 역대급 고용위기 국면에서고 기존에 고용대책을 넘어서는 추가 대책을 비상한 각오로 강구해 주기 바란다고 말했다. 지난달 취업자 수는 2581만8000명으로 1년 전보다 98만2000명 감소했다.,0.90959233
2021.02.09 ,"“옆동네도 준다는데”… 지자체 27곳, 全주민에 재난지원금",동아일보,세종=주애진 기자 ,"“강진군 사람들은 모두 재난지원금을 받는다던데 우린 왜 안 주나요?” “해남군도 준다는데 왜 완도는 ㅠㅠ.” 지난달 전남 완도군의 지역 온라인 커뮤니티에 신종 코로나바이러스 감염증(코로나19) 위기 극복을 위한 재난지원금 관련 불만 글들이 올라왔다. 완도군은 당초 재정 여건이 어려워 모두에게 재난지원금을 나눠주긴 어렵다고 했다. 하지만 인근 지방자치단체들이 하나둘씩 ‘보편적 재난지원금’ 쪽으로 가닥을 잡자 난감해졌다. 결국 완도군은 고심 끝에 1일 “1인당 10만 원씩 재난지원금을 지급한다”고 발표했다.  완도군 관계자는 “군 의회 등에서 보편지원이 필요하다는 의견이 많아 전향적으로 검토했다”며 “기존 예산을 조정해 재난지원금 지급 예산 50억 원을 마련하기로 했다”고 말했다. 지난해 완도군의 재정자립도(지방세 등 자체 수입이 예산에서 차지하는 비율)는 6.35%로 전국에서 네 번째로 낮았다. 정부와 여당이 4차 재난지원금 지급 검토에 들어간 가운데 자체 재원으로 주민 모두에게 보편적 재난지원금을 주기로 한 지자체들이 늘고 있다. 동아일보 취재를 종합하면 8일 현재 17개 광역지자체 중에서는 경기도와 울산시 등 2곳, 전국 226개 기초지자체 가운데에는 25곳 등 모두 27곳이 ‘보편 지원금’을 준다고 발표했다. 지자체 10곳 중 1곳꼴로 보편적 재난지원금 지급을 결정한 셈이다. 이 밖에도 지급 여부를 저울질하는 곳도 많아 앞으로 곳간을 여는 지자체가 더 늘 것으로 전망된다. 한 지역이 지급하면 인근 지역까지 들썩이는 ‘도미노 현상’도 나타난다. 전남 지역은 재정자립도(23.25%)가 전국에서 가장 낮다. 하지만 22개 시군 가운데 절반이 넘는 12곳에서 보편적 재난지원금을 주기로 결정했다. 고흥군 구례군 해남군 강진군 등 재정자립도가 10%를 밑도는 지역들도 포함됐다. 경남에서도 고성군, 산청군, 창녕군, 함양군 등 4곳도 이미 보편 지원을 결정했다. 창녕군 관계자는 “지원 여부를 검토 중인 인근 지자체가 더 있어서 계속 늘어날 것 같다”고 했다. 재정 형편이 넉넉한 경기도와 울산시가 1인당 또는 가구당 10만 원씩 지급하면서 다른 시도도 고민이 깊어졌다. 강원도 관계자는 “경기도처럼 지원금을 1인당 주면 좋겠지만 우린 재정이 부족하니까 1인당이 아닌 가구당 지원하는 방안을 검토 중”이라고 털어놨다.취약계층을 중심으로 선별 지원에 나선 지자체들은 “전원 지원”을 요구하는 주민들과 지방 의회의 압박에 시달리고 있다. 서울시는 2일 소상공인과 무급 휴직자 등을 돕는 선별 지원책을 내놨다. 하지만 김인호 서울시의회 의장은 7일 “보편 재난지원금을 지급해야 한다”고 요구하고 나섰다. 충남도 역시 3일 일부 지원책을 내놨지만 지역 청년회가 “보편 지원하라”는 성명을 내자 부담감에 시달리고 있다.  지원금을 주지 못하는 지자체들도 좌불안석이다. 강원 지역의 한 기초지자체 관계자는 “남은 예비비도 별로 없는데 혹시 중앙정부가 지난해처럼 전 국민 재난지원금을 주게 되면 지방도 일정 비율을 부담하라고 할까 봐 불안하다”고 했다. 최형식 전남 담양군수는 1일 “보편 지급의 필요성은 인정하지만 재정 여건이 여의치 않아 초기에 지급할 수 없어 송구스럽다”는 입장문까지 발표했다. 전문가들은 표심을 의식할 수밖에 없는 지자체들의 과도한 선심성 경쟁을 경계해야 한다고 지적한다. 지자체들이 재원을 이렇게 써버리면 다른 사업비나 기금을 줄여야 해 더 위급할 때 재정을 투입하기 어렵다. 육동일 충남대 자치행정학과 교수(전 한국지방자치학회장)는 “사업비를 줄이다 보면 결국 미래를 위한 투자 사업이나 사회간접자본(SOC) 비용을 줄일 수밖에 없다”며 “미래 생산성과 경쟁력을 갉아먹어 장기적으로 주민들의 부담을 더 키울 것”이라고 지적했다.세종=주애진 기자 jaj@donga.com  ",정부는 4차 재난지원금 지급 검토에 들어간 가운데 자체 재원으로 주민 모두에게 보편적 재난지원금을 주기로 했다. 재정이 어려운 경기도와 지자체가 재정자립도 등을 이유로 난색을 표하자 다른 시도들은 보편 지원을 결정했다.취약계층을 중심으로 선별 지원에 나선 지자체들은 “전원 지원”을 요구하는 주민들과 지방 의회의 압박에 시달리고 있다. 충남도와 충남도는 3일 일부 지원책을 뺐겼지만 지역 청년회가 “보편 지원”이라고 요구했다.,0.070288233
2021.01.30 ,"與, 4차 재난지원금 지급 대상서 봉급생활자는 제외 검토",동아일보,박민우 기자 ,"더불어민주당이 신종 코로나바이러스 감염증(코로나19) 관련 4차 재난지원금을 지급할 때 봉급생활자는 지급 대상에서 제외하는 방안을 검토하고 있다. 실질적인 손실 보상과 소비 진작을 위해 전 국민에게 지급했던 1차 지원금보다 대상은 좁히되, 소상공인과 고용취약계층에 더 많은 금액을 지원하는 방안이다.  민주당 국난극복위원회 공동위원장인 김진표 의원은 29일 동아일보와의 통화에서 “국세청 과표 구간에서 면세점 이하인 저소득 근로소득자와 일용직근로자를 제외한 안정적인 봉급생활자는 4차 재난지원금 지급 대상에서 빼야 한다”고 밝혔다. 코로나19로 극심한 경제적 피해를 입은 소상공인과 자영업자, 고용취약계층과 달리 교사와 공무원 등 공공부문 근로자와 민간부문 상용근로자는 소득에 큰 타격이 없는 ‘코로나 무풍지대’에 있었다는 논리다. 지난해 5월 정부는 1차 재난지원금 대상으로 소득 하위 70%에 해당하는 1400만 가구(4인 가구 기준)에 최대 100만 원을 지급했는데, 여기서 봉급생활자를 제외할 경우 보상 대상은 800만 가구 수준으로 줄어든다.  김 의원은 “지급 대상을 줄일 경우 4차 재난지원금 규모를 15조 원 수준으로 책정하더라도 소상공인과 자영업자들에 대한 추가 보상까지 가능해진다”고 했다. 김 의원은 전날 정책의원총회에서도 이 같은 의견을 제시했다.  소상공인과 고용취약계층의 누적된 손실부터 보상하고, 방역 상황에 맞춰 추후 한 차례 더 광범위한 현금성 지원에 나서 경기를 활성화해야 한다는 의견도 나왔다. 김종민 최고위원은 이날 동아일보와의 통화에서 “3월에 피해 보상과 소비 진작을 위한 지원금을 동시에 지급하는 게 가장 좋겠지만 방역 당국의 판단이 더 중요하다”며 “3월에도 방역 상황이 나아지지 않으면 당장 시급한 손실 보상부터 나설 것”이라고 말했다. 당내에서 지원금에 대한 다양한 의견이 이어지는 가운데 민주당 지도부는 여러 가능성을 열어둔 채 속도전을 예고했다. 이날 부산을 방문한 이낙연 대표는 4차 재난지원금 지급과 관련해 “‘신속하고 유연하게’라는 원칙을 가지고 정부와 협의하겠다”고 밝혔다. 이 대표는 부산 부평시장 상인회와의 간담회에서 “우리 방역이 이만큼이나마 안정되고 있는 그 이면에는 우리 상인들을 비롯한 자영업자, 소상공인들의 눈물이 배어 있다는 것을 잘 안다”며 “저희들이 할 수 있는 한 지원을 늦지 않게 해드리는 쪽으로 노력하겠다”고 했다. 민주당은 2월 중 4차 재난지원금의 대상과 규모를 확정짓고 3월에 지급한다는 목표를 세웠다.  한편 당정은 4차 재난지원금과 손실보상 제도화에 따른 재원 마련으로 적자 국채 발행을 유력하게 검토하고 있다. 정세균 국무총리는 전날 “가계부채가 더 커지는 것을 막기 위해 국가가 부채 규모를 늘리고, 그러다가 가계가 건전해지면 세제 등을 통해 환류시킴으로써 재정 건전성이 다시 확보되는 생각도 해볼 수 있다”며 국채 발행론에 힘을 실었다. 국회 기획재정위원장인 민주당 윤후덕 의원도 “국가가 신속히 빚질 각오를 해야 한다”고 말했다.박민우 기자 minwoo@donga.com ",더불어민주당이 신종 코로나바이러스 감염증(코로나19) 관련 4차 재난지원금을 지급할 때 봉급생활자는 지급 대상에서 제외하는 방안을 검토 중이다. 민주당 국난극복위원회 공동위원장인 김진표 의원은 29일 “국세청 과표 구간에서 면세점 이하인 저소득 근로소득자와 일용직근로자를 제외한 안정적인 봉급생활자는 4차 재난지원금 지급 대상에서 제외해야 한다”고 밝혔다. 김 의원은 “지급 대상을 줄일 경우 4차 재난지원금 규모를 15조 원 수준으로 책정하더라도 소상공인과 자영업자들에 대한 추가 보상까지 가능해진다”고 했다. 한편 당정은 4차 재난지원금과 손실보상으로 적자 국채 발행을 유력하게 검토하고 있다. . 정부는 4차 재정 건은 적자 국채 발행을 유력하게 검토하고 있다. . 정부는 적자 국채 발행을 유력하게 검토하고 있다. 적자 국채 발행을 유력하게 검토하고 있다.,0.028285326
2021-01-11,“소상공인 집중 지원·대출 상환 유예”…야권도 ‘선별’ 재난지원금 요구,hankyoreh, 장나래 기자 wing@hani.co.kr,"보수 야권은 11일 집권여당 안에서 제기되는 ‘전국민 재난지원금’ 지급론을 “선거용”으로 비판하면서 소상공인 등 코로나 취약계층에 대한 선별 지원금 지급을 요구했다.
 김종인 국민의힘 비상대책위원장은 이날 비대위 회의에서 “최근에 정부여당이 4차 재난지원금을 논의하고 있지만, 지원금을 1년 동안에 걸쳐서 어려움을 겪고 있는 소상공인, 중소기업, 자영업자들에게 보다 집중적으로 지원하는 것이 더 (큰) 효과를 가져올 것이라 생각한다”고 밝혔다. 정부가 역점을 두고 있는 ‘한국형 뉴딜’ 사업에 대해서도 “지금이라도 사업을 충실히 준비해 경제구조 전환을 지원해야 한다. 특히 코로나 충격 집중되는 취약계층 지원에 중점을 둬야 한다”고 강조했다. 

   안철수 국민의당 대표도 이날 최고위원회의에서 “정부와 여당은 4차 재난지원금을 보편 지급할 것이냐 선별 지급할 것이냐로 옥신각신하고 있다. 어떻게 하면 이번 서울, 부산시장 보궐선거에서 표를 살 수 있을까 고민하는 사이에, 소상공인과 자영업 사장님들은 벼랑으로 추락하고 있다”고 목소리를 높였다. 그러면서 “정부는 벼랑 끝에 매달린 분들부터 살릴 방안을 제시해야 한다. 정부 당국은 코로나 집단면역이 달성될 때까지, 올 한 해 만이라도 매출이 줄어든 소상공인과 자영업에 대한 대출의 원리금과 이자 상환을 전면 유예해달라”고 요구했다. ",11일 야권은 소상공인 등 코로나 취약계층에 대한 선별 지원금 지급을 “선거용”으로 비판하면서 정부 당국은 코로나 집단면역이 달성될 때까지 소상공인과 자영업에 대한 대출의 원리금과 이자 상환을 전면 유예해달라고 요구했다.,0.032566991
2021-01-06,민주당 “재난지원금을 선거용으로 몰아가는 게 정략”,hankyoreh, 김원철 기자 wonchul@hani.co.kr,"더불어민주당이 4차 재난지원금 지급과 관련해 본격적인 논의를 시작한다.
 최인호 당 수석대변인은 6일 오전 최고위원회의 뒤 기자들과 만나 “코로나19 대응(을 위해 재난지원금 지급이 필요하다는) 공감대가 당내에 확산되는 게 사실”이라며 “소관 상임위원회나 당 정책위원회 차원에서 깊은 논의가 있을 것”이라고 말했다. 최 수석대변인은 “방역을 우선하는 게 전제”라면서도 “(코로나19 확진자가) 감소 추세에 접어들었는지 판단하기 이르지만, 어쨌든 감소되니까 상황을 예의주시하면서, 방역은 방역대로 강화하며 면밀하게 준비해 나가야 한다”고 말했다.
‘선거용’이라는 비판에 대해선 “피해를 입는 계층의 어려움은 안중에도 없는 정략적인 주장”이라며 “피해계층의 호소가 나날이 깊어가고 심지어 일부 자영업자들은 개점 시위까지 하고 있다. (재난지원금을 선거용으로 몰아가는) 그런 시각은 그분들의 어려움을 헤어라지 못하는 것”이라고 말했다.",6일민주당은 4차 재난지원금 지급과 관련해 피해계층의 어려움은 안중에도 없는 정략적인 주장이라며 사건을 일으키는 계층의 어려움은 전혀 관심없어 위해를 입는 계층의 호소가 나날이 깊어가고 심지어 일부 자영업자들의 개점 시위까지 하고 있는 현실에 대해서 피해계층의 어려움을 헤아리지 못하는 정략적 주장이라고 일축하였다.,0.968668818
2021-03-10,문 대통령 “여야 뜻 모으면 4차 재난지원금 대상에 농민 추가”,hankyoreh,이완 기자 wani@hani.co.kr,"소상공인과 자영업자 등이 대상인 4차 재난지원금 지급 대상에 농민이 추가될 것으로 보인다. 
문 대통령은 10일 더불어민주당 원내대표단과 점심 간담회를 마치면서 “(재난지원금 대상에) 농민을 추가하는 것은 국회에도 공감대가 있다고 들었다. 여야간 공감대가 있다면 정부에 받아들이도록 지시하겠다”고 말했다고 강민석 청와대 대변인이 전했다. 간담회에서는 전북 김제부안이 지역구인 이원택 의원이 ‘추가경정예산(추경)에 경작 면적이 1헥타르 미만인 소농에 대해선 지원금이 반영되어 있지 않는 등 농민이 소외받고 있다’고 호소했다고 한다. 앞서 이낙연 전 민주당 대표도 이달초 “추경안 심의 과정에서 농민 지원을 가장 우선해서 보완토록 심의하겠다”고 밝힌 바 있다. 
문 대통령은 가덕도 신공항 건설에도 다시 한번 힘을 실었다. 문 대통령은 “가덕도 신공항을 2029년까지 완공하겠다는 것은 2030년 부산엑스포와 맞물려 있다”며 국토균형발전 차원에서 신공항이 꼭 필요하다는 점을 거듭 상기시켰다고 한다. 
청와대는 한국토지주택공사(LH·엘에이치) 직원의 새도시 투기와 관련해 여권 일각에서 나오는 변창흠 국토교통부 장관 경진론에 선을 그었다. 청와대 관계자는 “문 대통령이 (변 장관) 경질에 관한 언급을 한 적은 한번도 없다. 오늘 간담회에서 여당 원내지도부도 전혀 그런 의견이 없었다”고 전했다. 문 대통령은 전날 “2·4 부동산 대책의 추진에 차질이 없어야 한다”며, 2·4 대책 수립을 총괄한 변 장관에게 후속 업무를 계속 맡기겠다는 뜻을 밝힌 바 있다.","문재인인과 자영업자 등이 대상인 4차 재난지원금 지급 대상에 농민이 추가될 것으로 보이는 가운데 문재인 대통령은 여야간 공감대가 있다면 정부에 받아들이도록 지시하겠다고 말했으며, 간담회에서는 전북 김제부안이 지역구인 이원택 의원이 ‘추가경정예산(추경)에 경작 면적이 1헥타르 미만인 소농에 대해선 지원금이 반영되어 있지 않는 등 농민이 소외받고 있다’고 호소했다고 한다.",0.914682508
2021-02-15,4차 재난지원금 서두르는 민주당…국민의힘 “손실보상법이 먼저”,hankyoreh,노지원 오연서 기자 zone@hani.co.kr,"4차 재난지원금 지급을 둘러싼 여야 신경전이 가열되고 있다. 이달 안에 추경안을 편성해 3월 임시국회에서 처리하는 즉시 지원금을 지급하려는 더불어민주당과, 재난지원금보다 소상공인을 대상으로 한 ‘손실보상법’ 제정이 우선이라는 국민의힘이 팽팽히 맞서는 상황이다. 4월 보궐선거를 앞두고 우호적 여론을 조성하려는 여당과, 이를 저지하려는 야당의 정략이 맞물리면서 양쪽의 설전은 시간이 갈수록 달아오를 것으로 보인다.


이낙연 민주당 대표는 15일 최고위원회의에서 올해 첫 추가경정예산안 편성을 위한 당·정 협의가 시작된 사실을 전하며 “추경의 중심이 될 제4차 재난지원금은 이전의 피해지원금보다 더 넓게, 더 두텁게 지급되어야 한다. 제도의 사각지대를 최소화해 지원하고 피해계층, 취약계층의 고통이 커진 만큼 지원도 두터워져야 한다고 정부에 거듭 요구한다”고 밝혔다. 김태년 원내대표는 추경과 4차 재난지원금 지급 시기에 대해 “세부적인 당정 협의를 통해 2월에 추경안을 편성하고 3월 중 국회 처리를 통해 3월 후반기부터 긴급재난지원금이 지급될 수 있도록 속도감 있게 추진하겠다”고 밝혔다. 정부의 추경안 제출 시기와 관련해선 “(기재부가) 이번 달 안에 제출했으면 좋겠다는 것이 당의 뜻”이라고 민주당 관계자는 전했다..
앞으로 민주당은 기획재정부와 실무 협의를 하며 ‘지원 대상자 범위’와 ‘지원 액수’를 늘리는 데 주력할 것으로 보인다. 3차 재난지원금의 경우 상시 고용 5인 미만, 연 매출 4억원 미만이라야 받을 수 있었는데, 이번엔 상한선을 더 높이거나 없애겠다는 것이다. 민주당은 지급 액수도 3차 때보다 늘리는 안을 검토하고 있다. 3차 지원 당시 정부는 ‘소상공인 버팀목 자금’이라는 이름으로 영업 제한·금지 등의 방역 조치에 따라 경제적 손실을 입은 소상공인에게 100만∼300만원을 지원했다. 
민주당 원내 관계자는 “세수가 데이터에 잡히지 않는(납세 내역이 없는) 영세업자의 고통도 심각하다. 지난해 창업했다가 올해 코로나로 문을 닫은 자영업자 등이 여기에 속한다. 이런 사각지대를 어떻게든 줄이려다보니 총액 또한 늘 수밖에 없다”고 말했다. 이에 따라 4차 재난지원금 규모는 지난 3차(9조3000억원) 때보다 늘어날 전망이다. 당정은 재원 조달을 위해 국채를 발행하는 방안도 검토 중이다.





정부여당이 4차 재난지원금 추진 계획을 내놓자 국민의힘은 “선거용”이라고 목소리를 높였다. 그러면서 재난지원금보다 코로나19로 인한 자영업자·소상공인들의 피해 보전을 법적으로 보장하는 손실보상법 제정이 먼저라는 입장을 밝혔다. 주호영 원내대표는 이날 당 비상대책위원회의에서 “정부의 행정명령으로 손해를 본 국민에게 손해를 정확히 측정해 지급하는 게 가장 중요하다. 임의대로 기준을 가지고 (4차 재난지원금) 지급을 하게 되면 또 다른 불만과 문제를 야기할 것 같다”고 했다. 그러면서 “지금이라도 손실보상법 제정 기준 마련에 더 집중해주길 바란다. 3차 재난지원금을 (모두) 지급하기 전에 4차 재난지원금을 지급하겠다고 하는 건 선거를 앞두고 국민 주권을 돈으로 사겠다는 의도가 있다고 볼 수밖에 없다”고 덧붙였다. 민주당은 이달 25일 전까지 손실보상법과 사회연대기금법을 발의하겠다는 입장이다. 
추경을 편성해 재난지원금 예산을 마련하겠다는 정부여당의 계획에 대해선 “재원 조달 방법을 정확히 밝히라”고 압박했다. 주 원내대표는 “민주당은 2021년 예산에 재난지원금을 한푼도 편성하지 않고 있다가 국민의힘의 요구로 3차 재난지원금을 (추경으로) 편성하더니, 이제 와서 예산을 조정해 4차 재난지원금을 준다는데 그말에 진정성이 없다. 올해 예산에 재난지원금을 편성하지 않은 것을 사과하고, 어떤 방법으로 재원을 조달할 것인지 명확하게 밝혀야 한다”고 말했다.","이달 재난지원금 지급을 둘러싼 여야 신경전이 가열되고 있으며, 4월 보궐선거를 앞두고 우호적 여론을 조성하려는 여당과, 이를 저지하려는 야당의 정략이 맞물리면서 양쪽의 설전은 시간이 갈수록 달아오를 것으로 보이고 있다.",0.856233954
2021-03-02,문 대통령 “4차 재난지원금 신속 지급되도록 국회가 서둘러달라”,hankyoreh,서영지 기자 yj@hani.co.kr,"문재인 대통령은 2일 “4차 재난지원금이 어려운 국민에게 하루빨리 지급될 수 있도록 국회의 신속한 논의와 협의를 당부드린다”고 말했다.
문 대통령은 이날 청와대에서 국무회의를 주재하며 “당정협의를 거쳐 19조5천억 규모의 4차 재난지원금을 마련했다. 지난해에 이어 2년 연속 3월 초에 추경안을 국회에 제출하게 된 것은 코로나19로 인한 민생과 고용위기가 어느 때보다 심각하기 때문”이라며 “이를 해결하는 것이 정부와 국회의 가장 시급한 과제”라고 밝혔다.
코로나19 백신 접종과 관련해선 “정치권과 언론은 국민 불안을 부추기는 가짜뉴스를 경계하면서 안정된 백신 접종을 위해 적극적으로 협조해주길 부탁드린다”고 말했다. 문 대통령은 “어떤 백신이든 백신의 안정성을 정부가 약속하고 책임진다. 백신이 일상회복을 위한 전환점이지만 집단면역이라는 종착점에 이르려면 더 많은 시간이 걸린다”고 강조했다. 
문 대통령은 또 “여야 합의로 통과된 4·3 특별법 개정은 국가 폭력에 대한 책임을 명시하고 희생자에 대한 배상과 보상 근거를 마련했다는 점에서 매우 뜻 깊은 진전”이라며 “정부는 이번 특별법 의미를 살려 4·3 희생자에 대한 공정하고 합리적인 피해 보상 기준 마련, 추가 진행조사와 특별재심 등 후속 조치를 차질없이 이행해 나가겠다”고 말했다. 
국제노동기구(ILO) 핵심협약 비준 관련해선 “최근 유럽연합(EU) 등 국제사회의 노동권 중시가 강화된 가운데 통상분쟁의 소지를 줄이는 데도 큰 도움이 되리라 기대한다. 이를 계기로 근래 대두되고 있는 새로운 유형의 노동자들과 새로운 노동 현실 속 새로운 노동관계까지 확산돼 나가기를 바란다”고 말했다. ","문재인 대통령은 2일 청와대에서 국무회의를 주재하며 코로나19로 인한 민생과 고용위기가 어느 때보다 심각하기 때문에 4차 재난지원금이 어려운 국민에게 하루빨리 지급될 수 있도록 국회의 신속한 논의와 협의를 당부드리며, 정치권과 언론은 가짜뉴스를 경계하면서 안정된 백신 접종을 위해 적극적으로 협조해주길 부탁드린다고 말했다.",0.877999306
2021-02-15,국민의힘 “4차 재난지원금은 돈으로 사려는 선거용”,hankyoreh,오연서 기자 loveletter@hani.co.kr,"국민의힘은 여당과 정부가 4차 재난지원금을 ‘4·7 재보궐선거’ 직전인 3월 말께 지급하는 것을 목표로 추진하는 데 대해 “선거용 지원”이라고 비판했다. 그러면서 코로나19로 인한 자영업자·소상공인들의 피해 보전을 법적으로 보장하는 손실보상법 제정이 먼저라고 주장했다. 
주호영 원내대표는 15일 당 비상대책위원회의에서 “3차 재난지원금을 (모두) 지급하기 전에 4차 재난지원금을 지급하겠다고 하는 건 선거를 앞두고 국민 주권을 돈으로 사겠다는 의도가 있다고 볼 수밖에 없다”고 말했다. 주 원내대표는 김태년 더불어민주당 원내대표가 4차 재난지원금 지급을 위한 추가경정예산안 편성을 언급한 데 대해 “선거를 앞두고 더불어민주당이 4차 재난지원금 지급을 서두르는 것 같다. 아마 선거 직전에 (지급)하려고 그런 이야기를 하는 것 같다”며 “4차 재난지원금 지급에 앞서 손실보상법의 정교한 제정이 급선무”라고 밝혔다. 김태년 원내대표는 전날 ‘추경 2월 편성-3월 초 추경 처리-3월 하반기 4차 재난지원금 지급’ 계획을 밝힌 바 있다.
이어 주 원내대표는 “정부의 행정명령으로 손해를 본 국민에게 손해를 정확히 측정해 지급하는 게 가장 중요하다. 임의대로 기준을 가지고 (4차 재난지원금) 지급을 하게 되면 또 다른 불만과 문제를 야기할 것 같다”며 “지금이라도 손실보상법 제정 기준 마련에 더 집중해주길 바란다”고 말했다. 
정부가 올해 예산안에 재난지원금 관련 예산을 편성하지 않은 것에 대해서도 사과를 요구했다. 주 원내대표는 “민주당은 2021년 예산에 재난지원금을 한푼도 편성하지 않고 있다가 국민의힘의 요구로 3차 재난지원금을 (추경으로) 편성했다. 이제 와서 예산을 조정해 4차 재난지원금을 준다는데, 그말에 진정성이 없다”며 “올해 예산에 재난지원금을 편성하지 않은 것을 사과하고, 어떤 방법으로 재원을 조달할 것인지 명확하게 밝혀주길 바란다”고 말했다. ",국민의호영 원내대표는 여당과 정부가 4차 재난지원금을 '4·7 재보궐선거' 직전인 3월 말께 지급하는 것을 추진하는 데 대해 선거용 지원이라며 비판하고 코로나19로 인한 자영업자·소상공인들의 피해 보전을 법적으로 보장하는 손실보상법 제정이 먼저라고 주장했다.,0.010582954
2021-02-14,"윤희숙 “재난지원금, 차라리 4월6일에 지급하지 그러나?”",hankyoreh,장나래 기자 wing@hani.co.kr,"윤희숙 국민의힘 의원은 여당이 검토하는 3월 내 4차 재난지원금 지급 방안에 대해 “벼랑 끝 소상공인을 선거전략 대상으로 삼고 있다”고 비판하며, 정부 차원의 무이자 대출을 제안했다.
윤 의원은 14일 페이스북에 글을 올려 “코로나 재난지원금이 이제 대놓고 보궐선거 전략이 되는 것 같다”며 “3월을 넘기지 않고 보편·선별 병행지급을 하자는 여당 주장에 대해, 아예 ‘선거 전날인 4월6일에 지급하지 그러냐’는 냉소가 만연할 정도”라고 비판했다. 또한 윤 의원은 “온라인 경제의 확대로 일부 업종은 전 직원 보너스까지 지급하는 데 반해 대면 서비스 중심인 업종들은 폐업 쓰나미에 직면했다. 그렇게 승자와 피해자가 확연히 나뉜 것이 이번 코로나 재난의 전례 없는 특징인데도 나랏빚을 내 전 국민에게 위로금을 지급하자니”라고 적으며 보편 지급에 대한 반대 입장을 분명히 했다. 그러면서 “현재 피해계층에 지원금을 집중해야 한다는 총리, 부총리와 고무신 삼아 다 뿌려야 한다는 여당이 대치하는 가운데, 문재인 대통령은 8일 ‘재정이 감당할 수 있는 범위에서 과감하게’라며 언제나와 마찬가지로 애매한 말을 했다. 선거판의 분위기를 봐서 어느 편을 들 것인지 정하겠다는 것이다. 우리 정치의 수준”이라며 문 대통령을 겨냥하기도 했다.
이어 정부의 무이자 대출을 대안으로 제시했다. 윤 의원은 “정부·여당에 제안한다. 전 국민에게 지급했던 1차 재난지원금에 14조원이 들었다. 14조원이면 300조에 달하는 돈을 1년간의 무이자 대출에 충당할 수 있다”며 “매출이 감소했다는 간단한 증빙만 들고 온다면 원하는 소상공인 모두에게 이번 주라도 즉시 대출을 제공하자”고 주장했다. 이어 “백신으로 상황이 안정될 때까지 그들이 버틸 수 있도록 일단 대출을 제공한 후, 추후 정부가 일부를 대납하는 것으로 하자. 상환해야 할 금액 중 임대료, 인건비 등 어떤 부분을 누구 대상으로 정부가 대납할지는 선거 후에라도 차차 의논하면 된다. 이게 바로 피해계층 내의 보편·선별 병행지원”이라고 덧붙였다. ",윤희숙 국민의힘 의원은 페이스북에 글을 올려 소상공인을 선거전략 대상으로 삼는 것 같다고 비판하고 정부 차원의 무이자 대출을 제안하여 피해계층 내의 보편·선별 병행지원을 대안으로 제시했다.,0.80179584
2021-01-19,민주당 재난지원금 속도조절 요청에도 이재명쪽 “고심중…설 이전 지급 유력”,hankyoreh,노지원 김기성 기자 zone@hani.co.kr,"경기도의 재난지원금 지급 여부가 더불어민주당 내 민감한 정치 이슈로 점점 떠오르고 있다.
더불어민주당은 경기도민 모두에게 10만원의 지역화폐를 지급하려는 이 지사에게 ‘지방자치단체의 자율권을 존중하지만 정부의 방역 상황을 충분히 고려해야 한다’는 취지의 공식 입장을 전달한 것으로 19일 전해진다. 이 지사 쪽은 “당의 의견을 존중한다”는 뜻을 밝혔지만, 실제 지급 여부에 대해서는 명확한 답을 하지 않았다.
홍익표 정책위의장은 전날인 18일 이 지사에게 직접 전화를 걸어 당의 이런 공식 입장을 전달했다. 이 지사 쪽은 다음날인 19일 ‘재난기본소득 관련 당 공식 입장에 대한 이재명 지사 쪽 입장’을 내어 “당의 의견을 존중하며, 방역 상황을 충분히 감안해 재난기본소득의 집행 시기와 지급 대상, 수단 등을 결정하겠다”고 밝혔다.
민주당이 ‘방역 상황을 고려해달라’고 한 것은 여전히 코로나19 신규 확진자가 하루 300명 이상 발생하는 것을 염두에 둔 것이다. 또 지방자치단체마다 동원할 재정 여력에도 차이가 있는 만큼 지역별 형평성을 고려해야 한다는 의견도 나왔다. 무엇보다 정부가 전국민 대상 재난지원금 지급보다 피해를 입은 이들에게 집중지원 하는 방식을 택했는데, 개별 지자체에서 다른 움직임을 보이는 것에 대한 부담이 크다. 더욱이 이 지사는 유력 대선 후보여서 정치적 해석이 더해진다. 이 때문에 당 지도부 회의에선 이 지사에게 ‘지금 지급을 할 때가 아니다’라고 명확히 뜻을 전해야 한다는 주장도 나온 것으로 전해졌다.
그러나 경기도 관계자는 이날 “당 요구 때문에 고심 중이지만, 설 전 지급이 유력하다”며 “지사의 결심만 남은 상태”라고 말했다.",경기와 더불어민주당은 경기도민 모두에게 10만원의 지역화폐를 지급하려는 이 지사에게 '지방자치단체의 자율권을 존중하지만 정부의 방역 상황을 충분히 고려해야 한다'는 취지의 공식 입장을 전달했으며 이 지사는 대선 후보여서 정치적 해석이 더해진다.,0.159621477
2021-01-17,이재명 “민주당에 재난지원금 관련 공식입장 요청…당론 따를 것”,hankyoreh,정환봉 기자 bonge@hani.co.kr,"이재명 경기도지사가 더불어민주당에 지방정부의 재난지원금 지급 여부 및 방식 등에 대한 공식 입장을 요청했다고 17일 밝혔다. 
이 지사는 이날 자신의 페이스북에 “재난지원금을 둘러싼 민주당 내 활발한 논의 또한 자연스러운 일이고, 당론이 정해지지 않는 한 자유로운 토론과 입장개진, 자치정부의 자율적 정책 결정과 집행은 존중되어야 한다”며 “당원의 한사람으로서 당에 지방정부의 재난지원금 지급 여부, 지급방식, 지급대상, 지급 시기 등에 대한 당의 공식입장을 요청했고, 당 지도부에서 이를 받아들여 신속히 입장을 정리해주시기로 했다”고 적었다. 이 지사는 설 연휴 이전에 경기도 차원의 2차 재난기본소득 10만원을 3개월이 지나면 소멸하는 지역 화폐나 신용카드 포인트로 보편 지급할 계획이다. 하지만 민주당 내에서는 경기도의 재난기본소득 지급이 방역에 혼선을 줄 수 있다며 반대하는 주장이 나오기도 했다. 
이 지사는 이같은 분위기를 의식한 듯 “당내 논의에 따라 합리적인 당론이 정해지면 경기도 정책 결정과 집행과정에 충분히 반영할 것”이라며 “내일(18일) 예정했던 재난지원금 관련 기자회견 취소는 당의 의사결정과정에 대한 당연한 존중의 결과다. 또한 경기도의 기자회견 일정이 확정된 후 공개된 문재인 대통령님의 신년기자회견에 집중하는 것도 중요한 일이다”고 밝혔다. 경기도는 애초 18일 2차 재난기본소득 지급 계획을 발표하려고 했으나, 이날 기자회견을 연기했다. 
또 이 지사는 “당내 정책경쟁과 당원 간 토론을 분열과 갈등으로 규정하고 갈라치기 하는 어떤 정략적 시도도 결코 성공할 수 없을 것으로 생각한다”며 재난기본소득을 둘러 싼 논쟁이 당내 갈등이 아니라는 점을 거듭 강조했다. ","이재명 경기도지사가 더불어민주당에 지방정부의 재난지원금 지급 여부 및 방식 등에 대한 공식 입장을 요청했으며, 더불어민주당 내에선 경기도의 재난기본소득 지급이 방역에 혼선을 줄 수 있다며 반대하는 주장이 나왔으나 그는 당 내부의 정책경쟁과 당원 간 토론을 분열과 갈등으로 규정하고 갈라치기 하는 어떤 정략적 시도도 결코 성공할 수 없을 것이라고 말했다.",0.043542106
2021-01-06,유승민 “전국민 재난지원금은 선거 앞둔 매표행위”,hankyoreh, 노현웅 기자 goloke@hani.co.kr,"유승민 전 의원이 정부·여당이 군불을 떼는 4차 재난지원금 지급 논의에 대해 “선거를 앞둔 매표 행위”라고 강하게 비난했다.
 유 전 의원은 6일 자신의 페이스북에 “서울, 부산시장 보궐선거가 다가오자 또 악성 포퓰리즘이 고개를 내밀고 있다”며 “전국민 재난지원금은 공정하지도 정의롭지도 않고, 경제정책으로서도 열등한 정책”이라고 적었다.  그는 “전국민에게 똑같은 돈을 지급하니까 얼핏 평등하고 공정할 것 같은 착각을 일으키지만, 끼니를 걱정해야 할 실업자, 수개월째 임대료가 밀린 자영업자 가족에게 100만원은 너무나도 절실한 돈이지만, 고소득층 가족에게 그 돈은 없어도 그만인 공돈”이라며 “같은 100만원이 너무나 소중한 분들과 그 100만원 없어도 지장 없는 분들 사이에서 과연 공정과 정의란 무엇인가”라고 되물었다. 그러면서 “소비성향이 높을 수밖에 없는 저소득층은 100만원을 받아 대부분 소비에 쓸 것이나, 고소득층에게 100만원은 저축으로 갈 가능성이 높다”며 정책 효과 역시 낮을 수밖에 없다고 짚었다.
 이어 유 전 의원은 “고소득층에게 줄 100만원을 저소득층 가족에게 보태줘서 100만원을 두 번 줄 수 있다면 그게 더 공정하고 정의로운 것”이라며 “부자는 세금을 더 내고 가난한 사람은 덜 내는 것, 국가의 도움이 꼭 필요한 사람을 국민 세금으로 돕는 것, 이것이 사회복지의 철학이고 원리”라고 강조했다.
 앞서 더불어민주당 주요 인사들은 잇따라 전국민 재난지원금을 언급하며 정치 현안으로 부각시켰다. 이낙연 민주당 대표는 지난 4일 <한국방송> 인터뷰에서 “코로나가 진정되고 ‘경기를 진작해야 한다’ 할 때는 전국민 지원 방안도 검토할 수 있다”고 언급했다. 3차 대유행이 어느 정도 진정세를 보이면 지급을 검토하겠다는 뜻인데, 공교롭게 오는 4월 보궐선거와 시기가 겹친다. 이어 홍익표 민주당 정책위원회 의장도 5일 <한국방송> 라디오에서 “‘전국민 지급이 필요한 시점’이라 한다면 적극적으로 논의할 생각은 있다”고 말했다. 정세균 국무총리도 지난 4일 <문화방송> ‘100분 토론’에서 “재난지원금은 가능한 차등 지원이 옳다”면서도 “코로나 상황을 보면 월급 등에서 피해를 본 국민이 많다. 앞으로 (추이를) 보면서 꼭 필요한 정책을 실행해야 한다”고 말해, 전국민 재난지원금 검토 가능성을 내비쳤다. 이에 국민의힘 지도부는 “선거용 재난지원금 카드를 또 꺼내드는 것 아니냐”며 불편한 심기를 비친 바 있다.",유승민 전 의원은 4차 재난지원금 지급 논의에 대해 선거 앞두고 매표 행위라고 강하게 비판하였으며 국민의힘 지도부는 재난금 카드를 꺼내며 불편한 심기를 꺼내기를 바쳤다.,0.041407265
2021-01-18,문 대통령 “4차 재난지원금 논하기는 이른 시기”,hankyoreh,노현웅 기자 goloke@hani.co.kr,"문재인 대통령은 여권 내부에서도 견해가 엇갈리는 재난지원금 보편·선별지급 논란에 대해 양자택일할 수 없는 문제라며 “경제 상황에 따라 적절한 방식을 선택할 문제”라고 말했다. 여권에서 논의되는 이익공유제에 대해서는 정부가 인센티브를 제공하는 방식을 고민할 수 있을 것이라고 말했다.
문 대통령은 18일 청와대에서 진행된 새해맞이 기자회견에서 “4차 재난지원금 지급 여부와 방식 놓고 보편·선별 논의가 분분하다”는 질문에 “재난지원금은 보편이냐 선별이냐 그렇게 나눌 수 없다고 생각한다. 당시 경제 상황에 맞춰 가장 적절한 방식을 선택할 문제”라고 잘라 말했다.
이어 문 대통령은 1~3차 재난지원금을 예로 들어 상황에 맞는 정책 해법을 고민해야 한다고 강조했다. 문 대통령은 “1차 재난지원금은 선별에 필요한 행정시간 줄이고 최대한 빨리 신속하게 지급하고 또 국민들에게 위로하는 목적까지 겸해 보편 지원을 했다”며 “그러나 2차, 3차 재난지원금은 주로 피해입는 대상들을 선별하는데 많은 행정시간이 소요되지 않는다는 자신이 생겨 맞춤형으로 선별 지원을 했다. 한정된 재원으로 피해를 많이 입는 분들에게 두텁게 지원하기 위해서는 그것(선별지급)이 보다 더 적절한 방식이라고 생각한다”고 말했다.
일각에서 제기되는 4차 재난지원금에 대해서는 “아직은 이른 이야기”라면서도 가능성을 열어뒀다. 문 대통령은 “지금은 3차 재난지원금 지급하고 있는 중이고, 4차 재난지원금 지급할 경우에는 부득이 추경으로 하게 되고 적자국채를 발행할 수밖에 없는데, 지금 2021년도 본예산이 이제 막 집행되기 시작된 단계에 4차 재난지원금을 말하기에는 정말 너무나 이른 시기라고 생각한다”면서도 “다만 코로나 3차 유행으로 인한 소상공인·자영업자·고용취약계층 이런 분들의 피해가 크고 장기화되고 있기 때문에 3차 재난지원금으로 부족하다면 그때 가서 4차 재난지원금을 논의해야 할 것”이라고 말했다. 그러면서 “소상공인 자영업자들의 피해가 지속된다면 당연히 그분들에게 더욱 더 두텁게 지원하는 선별지원의 형태가 맞다고 생각하지만, 코로나 상황이 거의 진정이 돼 본격적인 소비 진작 등이 필요하다면 보편지원금도 생각할 수 있다”고 덧붙였다.
이낙연 더불어민주당 대표가 제안한 이익공유제에 대해서는 취지에 동의한다며 민간의 자발성을 뒷받침하기 위해 인센티브를 제공하는 방식을 제안했다. 문 대통령은 “코로나 때문에 피해를 입는 소상공인 자영업자 취약계층 있는 반면, 코로나 승자도 있다. 코로나 상황에서 오히려 더 기업성적 좋아지고 돈을 버는 기업들도 있다”며 “그런 기업들이 출연해서 기금 만들어서 코로나 때문에 코로나 때문에 고통받는 소상공인 자영업자 도울 수 있다면 대단히 좋은 일”이라고 말했다. 문 대통령은 이어 “다만 그것을 제도화 해서 정부가 강제할 수는 없는 것”이라며 “코로나 시대의 오히려 더 돈을 버는 기업들이 피해 입는 대상들을 돕는 자발적인 운동 일어나고, 그 운동에 대해 정부가 강력한 인센티브 제공하는 건 매우 바람직하다고 생각한다”고 말했다.","문재인 대통령은 여권 내부에서도 견해가 엇갈리는 재난지원금 보편·선별지급 논란에 대해 양자택일할 수 없는 문제라며 경제 상황에 맞는 상황에 맞는 정책 해법을 고민해야 한다고 강조하고, 여권에서 논의되는 이익공유제에 대해서는 정부가 인센티브를 제공하는 방식을 고민할 수 있을 것이라고 보시며, 겨울에는 코로나 3차 유행으로 인한 소상공인·자영업자·고용취약계층 이런 분들의 피해가 크고 장기화되고 있기 때문에 3차 재난지원금으로 부족하다면 그때 가서 4차 재난지원금을 논의해야 할 것이라고 말했다.",0.046376295
2021-01-05,3차 재난지원금 지급도 전에…‘전국민 지원금’ 불지핀 여당,hankyoreh,김원철 노현웅 홍용덕 기자 wonchul@hani.co.kr,"선거를 앞두고 ‘전국민 재난지원금’ 이슈로 또 한차례 논란이 일 것으로 보인다. 더불어민주당 주요 인사들이 새해에 잇따라 ‘전국민 재난지원금 보편지급’을 언급하고 나섰다. 국민의힘은 “선거용”이라고 비판하면서도 곤혹스러워하는 눈치다.
홍익표 민주당 정책위원회 의장은 5일 <한국방송>(KBS) 라디오 인터뷰에서 “코로나 상황이 조금 더 완화되면서 경기회복과 관련돼 ‘보편적 지급이 필요하다, 전국민 지급이 필요한 시점’이라 한다면 적극적으로 논의할 생각은 있다”고 말했다. 전날 방송에서 “코로나가 진정되고 ‘경기를 진작해야 한다’ 할 때는 전국민 지원 방안도 검토할 수 있다”고 한 이낙연 대표의 발언을 이어받은 모양새다.
정세균 국무총리도 4일 밤 <문화방송>(MBC) ‘100분 토론―2021년 총리에게 묻는다’에서 “재난지원금은 가능한 차등 지원이 옳다”면서도 “코로나 상황을 보면 월급 등에서 피해를 본 국민이 많다. 앞으로 (추이를) 보면서 꼭 필요한 정책을 실행해야 한다”고 말해, 전국민 재난지원금 검토 가능성을 내비쳤다. 꾸준히 전국민 재난지원금 지급을 주장해온 이재명 경기지사는 4일 정부와 300명 국회의원 전원에게 편지를 보내 재난지원금 보편지급을 거듭 촉구했다.
그러나 강도 높은 거리두기와 소비 진작을 염두에 둔 재난지원금 전국민 지급은 모순된다. 또 ‘선거용’이라는 지적에서 자유롭지 않다. 이낙연 대표도 이를 의식한 듯 “코로나19가 한창 퍼지고 있는데 ‘소비하라’고 하면 자칫 방역에 나쁜 영향을 줄 수 있다. 확산세가 잦아들 때가 (전국민 재난지원금) 지급 시점으로 적절해 보인다”며 여지를 뒀다. 5일에야 피해 업종과 고용 취약층에 대한 3차 재난지원금 지출안이 국무회의에서 의결됐는데, 이 지원금이 지급되기도 전에 또다시 ‘전국민 지원금’ 얘기를 꺼낸 것도 비판을 받을 소지가 있다. 좀 더 종합적이고 체계적인 대책을 통해 피해·소외 계층 지원에 더 집중해야 한다는 목소리도 커지고 있다.
야당은 곤혹스러운 처지다. 4월 보궐선거를 앞두고 전국민 지급이 이뤄지면, 야당 입장에선 최악의 선거 시나리오가 현실화될 수 있다고 보기 때문이다. 그렇다고 공개적으로 반대하기도 어렵다. 국민의힘은 정책 결정의 즉흥성과 비일관성을 비판하는 데 주력하고 있다. 김종인 국민의힘 비상대책위원장은 이날 당 정책워크숍에서 “여당이 최근 갑작스럽게 코로나 재난지원금을 전국민에게 줘야 하나라는 말을 끄집어내고 있다”며 “지난 예산 국회 때 ‘코로나 재난지원금을 예산에 확보하자’고 이야기했는데, 겨우 3조원 확보해놓고 이제 와서 추경 이야기를 한다”고 지적했다. 이종배 국민의힘 정책위 의장도 원내-법사위원 간담회에서 “우리 당은 소상공인을 위해 최대 500만원까지 직접지원하자고 했지만, 정부·여당은 수용하지 않았다. 당리당략으로 선거용 돈 풀기를 하겠다는 건 관권선거이자 금권선거”라고 목소리를 높였다.","더불어민주당 주요 인사들이 새해에 잇따라 ‘전국민 재난지원금 보편지급’을 언급하고 나섰는데 국민의힘은 “선거용”이라고 비판하면서도 곤혹스러워하는 눈치케이스홍익표 민주당 정책위원회 의장은 5일 <한국방송>(KBS) 라디오 인터뷰에서 “코로나 상황이 조금 더 완화되면서 경기회복과 관련돼 ‘보편적 지급이 필요하다, 전국민 지급이 필요한 시점’이라 한다면 적극적으로 논의할 생각은 있다고 말했다.",0.034851771
2021-02-04,강은미 “성추행 사건 거듭 사과”…재난연대세·전국민 재난지원금 제안,hankyoreh,정환봉 기자 bonge@hani.co.kr,"강은미 정의당 원내대표가 4일 국회 비교섭단체 대표 연설에서 김종철 전 대표의 성추행 사건을 사과하고 오는 4월 서울·부산시장 보궐선거 무공천 방침을 거듭 밝혔다. 또 코로나19 불평등 해소를 위해 추가적인 전국민 보편적 재난지원금 지급과 코로나19 손실보상 등을 제안했다.
강 원내대표는 이날 연설에서 “정의당 전 대표 성추행 사건으로 실망을 드려 정말 죄송하다”며 “책임정치의 대원칙을 지키겠다는 대국민 약속을 실천해야 한다고 판단했다. 서울·부산시장 보궐선거에 무공천한다”고 말했다. 정의당은 전날 전국위원회에서 무공천 방침을 결정했다.
강 원내대표는 코로나19 시대 양극화 해소 방안들도 제시했다. 그는 “정부 행정명령으로 발생한 피해에 대한 지원을 제도화하고, 급여와 임대료, 공과금과 통신비, 은행 이자 같은 고정비용을 지원하며, 통제 방역 단계 기간에 구직급여에 준하는 최소 생활비용을 지급하며, 실질적인 영업이익 손실도 부분적으로 보전해가자”고 주장했다. 또 “방역 단계 기간에는 연체료 청구도, 일방 계약 해지도 금지해야 한다”며 “국민 전체를 대상으로 하는 보편적 재난지원금도 제도화해야 한다”고 말했다.
강 원내대표는 이런 지원을 위해 한시적 ‘특별재난연대세’ 도입을 강조했다. 그는 “‘특별재난연대세’는 코로나 극복을 위해 위기 상황에서도 소득이 크게 늘었거나, 높은 이윤이 있는 기업과 개인에게 사회연대 차원에서 한시적으로 추가 과세하고, 세수 증가분을 재해 예방 및 취약계층 지원, 실업 대응에 사용하자는 제안”이라며 “재난과 위기의 사회적 책임을 다하도록 강제하자”고 말했다. 이 밖에도 △전국민 소득보험 도입 △주거복지예산 대폭 확대 △교육 불평등 해소 △노동존중사회 건설 △기후위기 해결 △판문점 선언과 평양 선언 국회 비준 등을 제안했다.",강은미 정의당 원내대표가 4일 국회 비교섭단체 대표 연설에서 김종철 전 대표의 성추행 사건을 사과하고 서울·부산시장 보궐선거 무공천 방침을 거듭 밝히고 양극화 해소 방안들도 제시했다.,0.56199652
2021-02-03,“재난지원금도 손실보상 소급적용 효과 있다”,hankyoreh,오연서 기자 loveletter@hani.co.kr,"권칠승 중소벤처기업부 장관 후보자는 코로나19처럼 펜데믹 상황으로 인한 자영업자와 소상공인의 영업 손실을 보상해주는 ‘영업손실 보상제’를 소급 적용해야 한다는 주장에 법리적 차원에서 동의 뜻을 밝혔다. 
 권 후보자는 3일 국회에서 열린 인사청문회에서 조정훈 시대전환 의원이 지난 ‘포항 대지진’ 당시, 정부가 특별법을 만들어 지진 피해를 소급적용한 사례를 들며, “(그때처럼) 특별법을 만들어 (코로나로 인한) 2020년 발생 손실을 (소급) 보상해야 된다는 데 어떻게 생각하냐”고 묻자, “법리적으로 할 말이 없다. 동의한다”고 말했다.
 다만 권 후보자는 특별법을 만들지 않더라도, 재난지원금 등 다른 지원을 통해서도 소급 적용의 효과를 낼 수 있다는 입장을 강조했다. 그는 “법적 의미로 (소급 적용을) 정리하면 실제 감당하기 어려운 일들이 번번이 우리 사회에 있다”며 “충분한 보상 (방법)을 찾는 게 실질적으로 맞는 방식이라고 본다”고 말했다. 
 이날 청문회에서 권 후보자는 과거 지방선거 출마를 위한 위장전입에 대해 사과했다. 지난 2010년 6월 지방선거에서 경기도 의원(화성시 제3선거구)으로 당선된 권 후보자는 가족이 선거 26일 전인 5월6일 기존에 살던 고양시에서 화성시로 전입신고를 했다가 선거 1주일 뒤 배우자는 다시 고양시로 돌아갔고, 본인도 7개월 뒤 다시 고양시로 주소지를 이전해 위장전입 의혹이 제기됐다. 권 후보자는 이에 대해 “고양시에 살다가 광역의원 출마 한달 전에 공천 확정이 돼 내려갔다”며 “주소를 옮겨놓는 게 유권자에 대한 도리라 생각했는데 짧았다. 잘못됐다”고 말했다. 이어 그는 “위장전입을 인정한다”면서도 “아이들 전학이나 부동산 투기 이런 것과는 전혀 무관하다는 것에 대해 이해해주시면 감사하겠다”고 덧붙였다.",권칠승 중소벤처기업부 장관 후보자는 3일 국회에서 열린 인사청문회에서 코로나19처럼 펜데믹 상황으로 인한 자영업자와 소상공인의 영업 손실을 보상해주는 ‘영업손실 보상제’를 소급 적용해야 한다는 주장에 법리적 차원에서 동의 뜻을 밝혔다.,0.106689051
2021-02-03,"여당, 홍남기 사퇴까지 거론…재난지원금 놓고 당정 2차 충돌",hankyoreh,노지원 이정훈 기자 zone@hani.co.kr,"4차 재난지원금 지급 문제를 놓고 더불어민주당과 정부의 충돌이 격화하고 있다. 보편이냐 선별이냐, 적극재정이냐 소극재정이냐 정책 논쟁을 넘어 감정싸움으로까지 번지는 모양새다. 4월 재보궐선거를 앞둔 민주당은 4차 재난지원금 지급을 위한 여러가지 방안을 논의 중이다.


민주당은 3일 코로나19로 인한 피해계층 맞춤형과 전국민 지급을 동시에 추진하자는 민주당 제안에 공개적으로 반대한 홍남기 경제부총리 겸 기획재정부 장관에게 십자포화를 퍼부었다. 설훈 의원은 페이스북에서 홍 부총리에 대해 “정말 한가한 소리라는 지적을 하지 않을 수 없다”며 “기재부는 전쟁이 나도 재정건전성만 따지고 있을 것이냐”고 말했다. 설 의원은 “서민의 피눈물을 외면하는 곳간지기는 자격이 없다”며 “그런 인식이라면 물러나는 것이 맞다”고 목소리를 높였다. 민주당 지도부에서도 사퇴를 촉구하는 의견이 나왔다. 최인호 민주당 수석대변인은 이날 오후 기자들을 만나 “(이날 오전 비공개 최고위원회의) 참석자 한 분이 (홍 부총리의) 발언 형식, 내용을 볼 때 매우 부적절하다고 강하게 문제 지적을 하고 사퇴 요구도 했다”고 밝혔다. 다만 ‘지금 중요한 일은 (부총리 사퇴가 아니라) 정부 재정으로 코로나19로 인한 국민 고통을 덜고 재정을 확보하는 것’이라는 쪽으로 정리했다고는 하지만, 여당 대변인이 경제부총리 사퇴 요구가 나왔다는 비공개회의 내용까지 공개한 것은 이례적인 일이다. 이날 홍 부총리의 사퇴를 주장한 이는 청와대 일자리수석을 지낸 정태호 전략기획위원장이라고 알려졌다. 
민주당의 이런 격앙된 반응은 홍 부총리가 이낙연 대표의 국회 교섭단체 대표 연설 의미를 훼손했다고 보기 때문이다. 홍 부총리는 이 대표가 연설을 한 뒤 4시간 뒤에 페이스북에 글을 올려 “2월 추경 편성은 이르다” “전국민 보편지원과 선별지원을 한꺼번에 모두 하겠다는 것은 정부로서 받아들이기 어렵다”는 의견을 밝혔다. 한 민주당 관계자는 “재정당국 수장으로서 의견을 낼 순 있으나 마치 기다렸다는 듯 개인 에스엔에스(SNS)에 자신의 입장을 올렸다”며 “정치적 행위라고 볼 수밖에 없다”고 강한 불만을 내비쳤다. 홍 부총리는 지난 1일 열린 고위 당·정·청 회의에서도 재난지원금 선별·보편 지급을 동시 추진하겠다는 김태년 원내대표에게 완강하게 맞선 것으로 알려졌다.


홍 부총리는 이날 국회 본회의장에 출석하는 등 정상 일정을 소화했다. 그는 이날 국회에서 기자들과 만나 전날 자신의 페이스북 글에 대해 “재정당국의 입장을 굉장히 절제된 표현으로 말씀드린 것”이라며 “혹시 정부와 의견이 조금 다른 사안에 대해 국민들께 확정된 것으로 전달이 될까 (걱정한 것)”라고 말했다. 홍 부총리는 또 “제가 에스엔에스에서 드린 말씀은 많이 숙고하고 절제되게, 정중하게 표현하려고 했다”며 “공직생활을 하면서 어제 (이 대표) 연설이 가장 격조 있는 연설이었고 정치 콘텐츠가 충실한 연설이었다고 생각한다”고 말하기도 했다.
하지만 기재부 일각에서는 여당을 향한 격앙된 반응도 만만찮다. 기재부의 한 관계자는 “홍 부총리가 평소 강조한 ‘재정건전성’을 다시 밝힌 것인데 이에 대해 사퇴하라고 하는 건 아무리 거대 여당이라지만 지나치다”며 “이미 부총리가 ‘직에 연연하지 않겠다’고 밝힌 바 있어 여당 주장에 개의치 않을 것”이라고 말했다. 지난해 전국민 재난지원금과 증권거래세 인하, 부동산거래정보원 설치 등 주요 현안에서 홍 부총리가 소신을 접는 바람에 ‘홍두사미’라는 별명까지 나왔지만, 이번에는 다를 것이라는 기대도 나왔다. 기재부 관계자는 “기재부 내부에선 정치권에 밀려 정책이 자꾸 꺾이는 상황에 대한 불만도 꽤 있어 이번에는 (홍 부총리가) 자리를 내놓을망정 꺾이지는 않을 것이란 예상이 있다”고 전했다.


민주당이 이처럼 홍 부총리와의 갈등 노출을 감수하면서도 적극적인 재정의 역할을 강조하는 것은 선거를 의식한 행동이기도 하지만, 날로 시름이 깊어지는 코로나19 피해계층을 지원해야 한다는 필요성 때문이다. 이 대표만 해도 이전까지는 재난지원금과 관련해 보편지급보다는 ‘좁고 두터운’ 맞춤형 선별지급에 좀더 무게를 두는 입장이었다. 하지만 사회적 거리두기가 설 연휴까지 연장되고 이에 따라 소상공인, 자영업자 등의 피해가 지속되며 불만이 터져나오는 상황이다. 이뿐 아니라 차기 대선 경쟁자인 이재명 경기도지사가 ‘전 도민 재난기본소득 10만원’ 지급 등 대범한 정책 행보를 이어가면서 지지율이 크게 오르자 이 대표로서도 좀더 과감한 방식으로 ‘민생 난국’을 돌파해야 한다는 생각을 굳힌 것으로 보인다.
이 대표는 이날 최고위원회의에서 4차 재난지원금 전국민 지급을 거듭 강조하며 “재정의 역할을 더 확대할 때가 됐다. 민생 고통 앞에 정부 여당이 더 겸허해지길 바란다”고 밝혔다. “당정에서 맞춤형(선별)과 전국민(보편)을 함께 테이블에 올려놓고 논의하길 바란다”고 거듭 당부하기도 했다. 이날 오전 <부산 한국방송(KBS)> 라디오에서도 재정 부담 우려에 대해 “면밀하게 보겠지만 감당할 수 있다고 본다”며 다시 한번 의지를 드러냈다.
당내에선 추경 규모와 방식 등 아이디어도 나오고 있다. 당내에서는 25조원 안팎의 추경 규모가 가장 많이 거론된다. 전국민 방식으로 이뤄진 지난해 1차 지원(14조3천억원)과 선별 방식의 3차 지원(9조3천억원) 등을 참조한 의견이다. 일각에서는 40조원 정도로 늘려야 한다거나, 영업 금지·제한으로 인한 보상까지 반영해 100조원까지 검토해야 한다는 의견도 나온다.",민주당은 커플지원금 지급과 사회보험 지급을 동시에 추진하자는 제안에 동의했지만 홍남기 경제부총리 겸 기획재정부 장관은 이를 반대하면서 더불어민주당과 정부의 충돌이 격화하고 있다.,0.054384392
2021-02-03,"권칠승 “재난지원금, 중소기업·소상공인에 집중 지원해야”",hankyoreh,채윤태 기자 chai@hani.co.kr,"권칠승 중소벤처기업부 장관 후보자가 코로나19 피해 지원과 관련해 중소기업과 소상공인에 대한 집중 지원이 필요하다고 밝혔다.
권 후보자는 3일 오전 국회 산업통상자원중소벤처기업위원회에서 열린 중소벤처기업부 장관 후보자 인사청문회에서 “(지원의) 타겟은 중소기업과 소상공인들이다. 사회적 합의가 되는 경우에는 타겟에 지원을 집중하는 것이 맞지 않은가 하는 생각을 기본적으로 갖고 있다”고 밝혔다. 그러면서 “팬데믹 상황에서 특정한 계층에 문제가 생겼을 때는 보편 지급의 효과가 제한적”이라고 덧붙였다. 
권 후보자는 이낙연 더불어민주당대표가 지난 2일 제안한 ‘영업손실 보상제’에 대해선 “법제화해서 대상자에게 지급될 때까지 상당한 시간이 걸릴 것이라고 생각한다”며 “투트랙(손실보상제와 재난지원금 지급)으로 다 해야한다고 생각한다”고 답했다. 그는 4차 재난지원금 지급에 대해 “개인적으로 사용했던 방법을 사용하는게 가장 빠르지 않을까 생각한다”고 설명했다.
손실보상제 피해 산정 기준에 대해서는 “다양한 의견이 모이고 있는 상황인데, 법제화해서 보상이 이뤄지기까지는 시간이 좀 걸릴 것”이라며 “합리적 기준을 마련할 수 있는 곳은 국회밖에 없다고 생각한다”고 밝혔다.","권칠승 중소벤처기업부 장관 후보자는 코로나19 피해 지원과 관련해 중소기업과 소상공인에 대한 집중 지원이 필요하다고 말했으며, 사회적 합의가 되는 경우에는 타겟에 지원을 집중하는 것이 맞지 않다고 생각을한다고 밝혔다.",0.017449539
2021-01-08,정세균 “4차 재난지원금 논의는 시기상조”,hankyoreh,노현웅 기자 goloke@hani.co.kr,"최근 여당이 군불을 지피고 있는 전국민 재난지원금은 시기상조라는 정부 입장이 나왔다. 정세균 국무총리는 8일 국회 본회의 긴급현안질문에서 “전국민을 대상으로 한 4차 재난지원금이 민생 백신이 될 것”이라는 서영석 더불어민주당 의원 질의에 “2차 재난지원금 자격 심사 때문에 아직도 1~2% 정도 미집행된 부분이 있다. 그런 상황에서 11일부터 3차 재난지원금이 지급될 예정이기 때문에, 이것을 제대로 잘 집행하는 것이 우선”이라며 “이후에 정부의 역할을 면밀하게 판단하고, 또 국회와 협의해서 마땅히 해야 할 조치가 있다면 확실히 해야 하는데, 지금은 그 논의(4차 재난지원금)를 하기엔 조금 이르다고 생각한다”며 선을 그었다.
정은경 질병관리청장은 또한 코로나 백신 비용 부담에 대한 질문에 “현재 우선접종 대상자에 대해서는 무료 접종을 검토하고 있다”며 “백신은 정부가 예산으로 구매한 것이기 때문에 무료로 공급하는 것으로 검토하고 있다”고 말했다. 현재 정치권에선 우선접종 대상자를 비롯해 전 국민 무료 접종 요구가 이어지고 있는 상황이다. 
이어 정 청장은 백신의 안전성에 대해서도 신뢰할 만하다고 언급했다. 그는 “현재까지 개발된 백신에 대해서는 4만명 정도를 대상으로 한 임상 결과에서 중대한 이상 반응이 보고되지 않았고, 전문가들도 비교적 안전하다는 분석 결과를 내놓고 있다”며 “긴급 사용 승인을 하고 있는 허가 당국들도 이런 분석 끝에 승인을 하는 것으로 보인다”고 말했다.","정세균 국무총리는 8일 국회 본회의 긴급현안질문에서 “전국민을 대상으로 한 4차 재난지원금이 민생 백신이 될 것”이라는 서영석 더불어민주당 의원 질의에 “2차 재난지원금 자격 심사 때문에 아직도 1~2% 정도 미집행된 부분이 있고,  11일부터 3차 재난지원금이 지급될 예정이기 때문에, 이것을 제대로 잘 집행하는 것이 우선”이라고 말했다.",0.864176214
2021-02-03,김태년 ‘버럭’에도 홍남기 ‘완강’…재난지원금 당정 충돌 전말,hankyoreh,서영지 기자 yj@hani.co.kr,"“당은 피해계층 맞춤형 지원과 전 국민 지원을 담은 4차 재난지원금을 끝까지 추진할 거예요!”
지난 1일 오후 5시43분께 국회 의원회관에서 열린 당·정·청 회의에서 김태년 더불어민주당 원내대표는 이렇게 말하곤 자리를 박차고 일어났다. 홍남기 경제부총리 겸 기획재정부 장관도 지지 않고 끝까지 “저는 못 하겠습니다”라고 답했다. 김 원내대표가 먼저 회의장을 나갔고, 홍 부총리는 시뻘게진 얼굴로 앉아 있었다. 자리에 남은 다른 의원들도 홍 부총리에게 “방역상황을 봐서 전 국민 지원을 하면 되지 그렇게까지 안 된다고 할 게 뭐 있느냐”며 말을 보탰다. 결국 홍 부총리 역시 김 원내대표가 자리를 뜬 지 5분도 채 되지 않아 회의장을 나섰다. 
당시 회의 참석자들의 얘기를 들어보면 당·정·청 회의는 유례없이 싸늘한 분위기였다고 한다. 이 자리에는 김태년 원내대표를 비롯해 여당 원내 지도부, 홍남기 부총리를 비롯해 청와대의 김상조 정책실장·이호승 경제수석 등이 참석했다. 20여분간 비공개로 이뤄진 회의에서 당정은 팽팽한 기싸움을 벌였다. 김 원내대표가 ‘보편과 선별을 모두 담은 4차 재난지원금 지급을 했으면 좋겠다. 기재부가 협조해 달라’고 하자, 홍 부총리는 ‘우리는 못 하겠다’는 얘기를 반복했다고 한다. 
한 참석자는 “김 원내대표와 홍 부총리가 서로 언성이 높아졌고 결국 김 원내대표가 자리를 먼저 박차고 나갔다”고 전했다. 김상조 실장은 홍 부총리처럼 완강하진 않았지만 기재부 의견에 동조하는 쪽이었다고 한다. 또 다른 참석자는 “김 실장은 ‘지금 (전 국민 지원) 얘기를 꺼내는 건 이르다’라고 얘기를 했다”며 “분위기가 살벌했다”고 했다. 지난해 봄 1차 재난지원금 지급을 놓고 벌어진 당정충돌에 이어 2차 충돌을 예고한 자리였다.
당정 간 긴장감은 시간이 흐를수록 더욱 불거졌다. 당·정·청 회의 이튿날인 2일인 이낙연 대표가 국회 교섭단체 대표연설에서 ‘선별·보편 지원 동시 협의론’을 밝힌 지 4시간 만에 홍 부총리가 정면으로 치받았다. 홍 부총리는 페이스북을 통해 “전 국민 보편지원과 선별지원을 한꺼번에 모두 하겠다는 것은 정부로서는 받아들이기 어렵다”고 반대했다. 
홍 부총리의 ‘페이스북 반발’ 다음날인 3일, 민주당 의원들은 십자포화를 퍼부었다. 정일영 의원은 이날 페이스북을 통해 “집권여당 대표가 교섭단체 대표연설을 통해 제안했으면, 정부는 이를 면밀히 검토해서 그 입장을 정부의 공식적 채널을 통해 밝히면 된다”며 “국무회의, 경제장관회의, 기자회견, 대변인브리핑, 당정회의 등 가지고 있는 방법이 많지 않으냐. 국정의 무게가 가벼워진다”고 비판했다. 
홍 부총리가 물러나야 한다는 의견도 나왔다. 설훈 의원도 페이스북에서 “기재부는 전쟁이 나도 재정 건전성만 따지고 있을 건지 묻지 않을 수 없다”며 “서민의 피눈물을 외면하는 곳간지기는 곳간지기로서 자격이 없다. 그런 인식이라면 물러나는 것이 맞다”고 말했다. 최인호 수석대변인은 이날 최고위원회 회의 뒤 기자들과 만나 “당정 간에 협의하겠다는 여당 대표의 교섭단체 연설을 정무직 공직자가 기재부 내부용 메시지로 공개 반박한 것은 있을 수 없는 잘못된 행태로 즉각 사퇴해야 한다는 의견이 강력하게 제기됐다”며 이례적으로 비공개회의의 민감한 내용을 밝히기도 했다. 
그러나 홍 부총리는 굽히지 않았다. 그는 이날 국회 본회의 참석 뒤 기자들과 만나 “이 대표 연설을 그 자리에서 들었는데, 공직 생활하면서 가장 격조 있는 연설이었고 정책콘텐츠가 탄탄한 대표연설이었다고 생각한다”면서도 “다만 (페이스북에 올린 글은) 이 대표가 재난지원금과 추경 관련해서 말했는데 혹시 정부와 다른 이견 사항에 대해서 확정적인 걸로 전달될까 봐 재정 당국 입장을 절제된 표현으로 말씀드린 것으로 이해해주시면 되겠다”고 말했다. 
이날 홍 부총리가 기자들에게 말하던 와중 눈가가 촉촉했던 모습을 놓고 ‘울먹인 게 아니냐’는 보도가 쏟아졌다. ‘눈물 논쟁’이 벌어지자 기재부는 “보시는 분의 판단일 수 있지만 사실과 다른 내용이라는 부총리님의 입장을 추후 보도에 반영해주시길 부탁드린다”며 문자 메시지로 입장을 알려왔다.",국회 정부는 피해계층 맞춤형 지원과 전 국민 지원을 담은 4차 재난지원금을 끝까지 추진할 것이라고 밝히며 홍남기 경제부총리 겸 기획재정부 장관은 저는 못 하겠습니다”라고 답해 자리를 박차고 일어났고 홍 부총리는 페이스북을 통해 보편지원과 선별지원을 한꺼번에 하겠다는 것은 정부로서는 받아들이기 어렵다고 반대했다.,0.099566527
2021-02-04,재난지원금 당-정갈등 장기화에…여당서도 “문 대통령 결단해야”,hankyoreh,서영지 기자 yj@hani.co.kr,"4차 재난지원금 지급방식을 두고 더불어민주당과 홍남기 경제부총리 겸 기획재정부 장관의 갈등이 고조되는 가운데 민주당 내에서 이 문제와 관련해 문재인 대통령의 결단이 필요하다는 주장이 4일 나왔다. 
 민주당 홍익표 정책위의장은 이날 국회에서 열린 정책조정회의에서 “당은 정부의 적극적인 협의를 통해 빠른 시일 내 추경을 편성할 예정이며, 그 추경에는 보편적 전 국민적 지급과 함께 선별적 지급을 두텁게 반영할 생각”이라고 밝혔다. 피해계층 맞춤형 지원과 전 국민 지급을 동시에 담은 4차 재난지원금을 추진하겠다는 당의 의지를 다시 한 번 강조한 것이다. 앞서 홍남기 부총리는 지난 2일 페이스북을 통해 “전 국민 보편지원과 선별지원을 한꺼번에 모두 하겠다는 것은 정부로서는 받아들이기 어렵다”고 밝히며 당정이 정면으로 충돌했다. 홍 의장은 “전 국민 재난지원금과 선별지원금을 병행하는 것은 경제적 방역의 전면에 국가가 나서야 한다는 뜻을 담고 있다”며 국민을 살리는 것이 국가의 책무인 만큼 필요하다면 국가가 국민을 대신해서 빚을 지고, 힘이 돼야 할 시기”라고 했다. 
 홍 부총리가 강조하는 재정 건전성에 대해서도 반박했다. 홍 의장은 “한국은 지난해 국내총생산(GDP) 대비 재정 부양액이 3.5%다. 그 결과 국가채무비율은 전년도보다 3% 증가한 44%를 기록했다”며 “이것은 두 가지 의미다. 한국의 재정 상황이 양호하다. 또 반대로 얘기하면, 지난 한 해 다른 국가에 비해 국가재정이 상대적으로 소극적인 역할을 했고, 제 역할을 제대로 하지 못했다는 지적이 있을 수 있다”고 말했다. 
 당정갈등이 고조되는 문재인 대통령이 나서야 한다는 주장도 나왔다. 민주당 김종민 최고위원은 이날 <문화방송>(MBC) ‘김종배의 시선집중’에 출연해 “당은 이 문제에 대해 적극적인 재정을 요청하는 편이고, 정부와 청와대는 신중한 입장인데 이 점에 대해 당이 리더십을 발휘하는 게 맞는다고 본다”고 말했다. 김 최고위원은 ‘문 대통령의 결단이 필요하다는 얘기로 연결되느냐’는 질문에 “결국 정부 예산편성권이라고 하는 건 최종적으로 대통령의 책임과 권한이 있는 것”이라며 사실상 문 대통령이 나설 것을 요청했다. 
 한편 정세균 국무총리는 이날 국회 대정부질문에서 선별·보편 지급 논란과 관련해 “원래 저는 차등지급을 하는 게 옳다는 생각”이라며 “넓고 얇게 지급하는 것보다 조금 좁고 두텁게 지원하는 게 옳다”고 말했다. 다만 정 총리는 “그렇다고 제가 이낙연 대표의 말씀에 대해 전적으로 다른 의견을 얘기한 건 아니다”라며 “재난을 극복하기 위해서 어려운 분들에게 지급하는 경우에는 차등 지급하는 게 옳고, 경기진작용이라든지 그런 경우에는 전 국민에게 지급할 수도 있다. 보편과 선별을 섞어 상황에 따라서 선택적으로 하는 것이 옳다는 것이 평소 저의 소신”이라고 했다.",민주당은에서 추경을 편성하여 피해계층 맞춤형 지원과 전 국민 지급을 동시에 담은 보편적 전 국민적 지급과 선별적 지급을 두텁게 반영할 생각이라고 밝히며 홍남기 경제부총리 겸 기획재정부 장관의 대립각을 세웠다.,0.836559951
2021-02-22,"당·정·청, 2월 중 ‘4차 재난지원금’ 추경안 확정…3월 지급 목표",hankyoreh,노지원 이경미 기자 zone@hani.co.kr,"더불어민주당과 정부, 청와대가 이달 안에 4차 재난지원금 지급을 위한 추가경정예산안을 확정한다. 당정은 소상공인 지원 금액 및 지원 대상을 지난 3차 때보다 대폭 늘리는 방안을 논의 중이다. 하지만 사각지대 최소화를 위해 ‘소득 하위 40%’ 계층에게 일괄 지원하는 방안을 놓고 당정 간 이견이 나오기도 한다.
이낙연 민주당 대표는 22일 최고위원회의에서 “당과 정부는 넓고 두터운 재난지원금을 반영할 추경안을 28일까지 합의할 것”이라고 밝혔다. 김태년 원내대표는 “3월 말부터 지급할 수 있도록 신속하게 추경을 편성하도록 하겠다”고 했다. 최인호 수석대변인은 최고위가 끝난 뒤 기자들을 만나 “(당에서) 2차(7.8조원), 3차(9.3조원)보다 훨씬 많은 규모로 (정부에) 요구하고 있다”며 “‘더 두텁게, 더 넓게, 사각지대 없이 충분히’라는 원칙하에서 2·3차 때보다 훨씬 규모가 클 것으로 예상한다”고 말했다.
이날 민주당 관계자들의 말을 종합하면, 민주당 쪽에서는 사각지대 최소화를 위해 소득 하위 40%에 해당하는 소득 1∼2분위 대상자한테 재난지원금을 일괄 지원하는 방안을 정부에 제안했다고 전해진다. 여당은 사각지대 최소화를 위해 노점상, 플랫폼노동자 등 2∼3차 재난지원 때는 지원 대상에 포함되지 못했던 코로나 피해계층도 지원 대상에 포함시켜야 한다는 입장이다. 이들 계층은 매출 등 소득 계산이 명확하지 않아 오히려 더 어려운 계층일수록 재난지원금 지원 대상에서 제외될 가능성이 높기 때문이다. 소득 하위 1·2분위(하위 40%)에게 일괄 지급하는 방안을 제시한 것도 이와 관련이 있는 것으로 보인다.
하지만 기획재정부는 이에 반대하는 것으로 전해진다. 기재부 관계자는 “(일괄 지급은) 기존의 선별지원 방침과 다르다”며 “수용 곤란하다”고 말했다. 4차 재난지원금은 코로나19 ‘피해계층’에 한해 ‘두텁게’ 지원하기로 한 만큼, 피해와 상관없이 저소득층에 일률적으로 지원금을 주는 것은 선별지원 취지에 어긋난다는 것이다. 소득 하위 40%를 가려내는 과정에서 형평성 논란이 생길 수 있다는 것도 반대 이유다. 지난해 1차 재난지원금 지급 당시 정부는 건강보험료 납부액 기준으로 소득 하위 70%까지 지급하려 했다가, 소득 감소를 정확히 반영하지 못한다는 비판을 받은 뒤 결국 전국민 지급으로 결정한 바 있다.","당과 정부, 청와대가 이달 안에 4차 재난지원금 지급을 위한 추가경정예산안을 확정한다고 발표한 가운데, 당정은 소상공인 지원 금액 및 지원 대상을 지난 3차 때보다 대폭 늘리는 방안을 논의 중이지만 사각지대 최소화를 위해 ‘소득 하위 40%’ 계층에게 일괄 지원하는 방안을 놓고 당정 간 이견이 나오기도 한다.",0.082724907
2021-01-05,민주당 ‘전국민 재난지원금’ 만지작…국민의힘 ‘또 당할라’,hankyoreh,김원철 노현웅 기자 wonchul@hani.co.kr,"더불어민주당이 ‘전국민 재난지원금’ 지급을 위한 여론 정지 작업에 돌입했다. 지난해 4월 총선 직전 지급된 전국민 재난지원금이 야당에 악재로 작용했다고 보는 국민의힘은 “선거용”이라고 비판하면서도 여론을 의식해 공개 반대는 못하는 곤혹스런 상황이다.


홍익표 민주당 정책위의장은 5일 <한국방송>(KBS) 라디오 인터뷰에서 “코로나 상황이 조금 더 완화되면서 경기 회복과 관련돼서 ‘보편적 지급이 필요하다, 전국민 지급이 필요한 시점이다’라고 한다면 적극적으로 논의할 생각은 있다. (전국민 재난지원금 지급이) 열려 있는 상황이다”라고 말했다. 전날 “코로나가 진정되고 경기를 진작해야 한다 할 때는 전국민 지원 방안도 검토할 수 있다”고 한 이낙연 대표의 발언을 이어받은 모양새다. ‘코로나 확산세 진정’과 ‘경기 활성화 필요성’이란 전제를 달긴 했지만, 지금부터 전국민 지급을 준비하자는 뜻이다.
경기 활성화 요구와 별개로, 지금 당장 전국민 지급을 서두르자는 의견도 있다. 정세균 국무총리는 최근 <동아일보>와 한 인터뷰에서 “국민이 살아야 재정 건전성도 (의미가) 있는 것”이라며 “필요하다면 정부가 (전국민 재난지원금 지급에) 나서야 한다는 생각”이라고 말했다. 그러자 이재명 경기지사가 정 총리의 발언을 다룬 기사를 공유하며 “지역 화폐를 통한 재난지원금의 전국민 지급을 다시금 요청한다”고 호응했다. 양향자 최고위원도 전날 최고위원회의에서 “3차 재난지원 패키지에 더해 2차 전 국민 재난위로금 지급을 위한 논의를 제안한다. 지난 1년 코로나 가시밭길을 묵묵히 견뎌주신 모든 국민께 드려야 할 위로 차원에서 말씀드리는 것”이라고 했다.


‘전국민 지원’을 여당이 치고나오자, 야당은 곤혹스런 처지가 됐다. 4월 보궐선거를 앞두고 전국민 지급이 이뤄질 경우, 야당이 생각해온 최악의 보궐선거 시나리오가 현실화될 수 있기 때문이다. 국민의힘이 가장 우려하는 그림은 1~2월을 고비로 코로나 확진자 증가세가 꺾이고, 백신 접종 개시와 더불어 거리두기 완화, 전국민 재난지원금 지급 등이 동시적으로 이뤄지는 것이다. 이 경우 4월 재보선은 지난해 총선의 재판이 될 수 있다.
문제는 전국민 재난지원금 지급을 “선거용”으로 몰아 공개적으로 반대하기도 어렵다는 점이다. 선거 승리를 위해 국민 고통을 외면한다는 ‘역프레임’에 걸려들 수 있기때문이다. 이런 이유로 국민의힘은 정책 결정의 ‘즉흥성’과 ‘비일관성’을 비판하는 데 주력하고 있다. 김종인 국민의힘 비상대책위원장은 이날 오후 온라인으로 열린 당 정책워크숍에서 “여당이 최근 갑작스럽게 코로나 사태로 인한 재난지원금을 전 국민에게 줘야 하나라는 말을 끄집어내고 있다”며 “지난 예산 국회 때 ‘코로나가 언제까지 지속할지 모르니까 코로나 사태에 대비할 수 있는 재난지원금을 예산에 확보하자’고 이야기했는데, 겨우 3조원 확보해놓고 인제 와서 갑작스럽게 추경 이야기를 한다”고 비판했다. 그러면서 “한 달도 내다보지 못하는 국정 운영이 문재인 정부의 실체다. 국민이 굉장히 분노하고 있다”고 덧붙였다.


주호영 국민의힘 원내대표는 오후 기자들과 만나 “전국민 재난지원금이 지금 본예산에 반영돼서 아직 지급되지도 않은 게 있는데 벌써 전 국민 재난지원금을 주장하는 건 4월 선거를 노린 것 같다. 제대로 된 재원 대책은 있는 것인지 너무 황당하다”고 말했다. 이종배 국민의힘 정책위의장도 오전 국회에서 열린 국민의힘 원내-법사위원 간담회에서 “나라 곳간조차 선거 도구로 악용하겠다는 삐뚤어진 국정 운영으로, 준엄한 심판이 뒤따를 것”이라며 “우리 당은 소상공인을 위해 최대 500만 원까지 직접 지원하자고 했지만, 정부·여당은 수용하지 않았다. 당리당략으로 선거용 돈 풀기를 하겠다는 건 관권선거이자 금권선거”라고 목소리를 높였다.",더불어민주당이 지난해 4월 총선 직전 지급된 전국민 재난지원금이 야당에 악재로 작용했다고 보고 ‘전국민 재난지원금’ 지급을 위한 여론 정지 작업에 돌입했으며 국민의힘은 선거용이라고 비판하면서도 여론을 의식해 공개 반대는 못하는 곤혹스런 처지가 됐다.,0.020903284
2021-02-04,강은미 “전국민 재난지원금 제도화 위해 재난연대세 도입하자”,hankyoreh,정환봉 기자 bonge@hani.co.kr,"강은미 정의당 원내대표가 4일 국회 비교섭단체 연설에서 김종철 전 대표의 성추행 사건을 사과하고 오는 4월 서울·부산시장 보궐선거 무공천 방침을 거듭 밝혔다. 또 코로나19 시대 불평등 해소를 위해 추가적인 전국민 보편적 재난지원금 지급 등을 제안했다. 
강 원내대표는 이날 연설에서 “정의당 전 대표 성추행 사건으로 실망을 드려 정말 죄송하다”며 “책임 정치의 대원칙을 지키겠다는 대국민 약속을 실천해야 한다고 판단했다. 서울·부산시장 보궐선거에 무공천한다”고 말했다. 이어 “불평등을 해소하고 차별과 배제를 넘어 더욱 유능하고 책임 있는 정당으로, 고단한 국민들의 삶을 지켜온 정당으로 거듭나겠다. 다시 희망과 지지를 만들어 가겠다”고 다짐했다. 정의당은 전날 전국위원회에서 무공천 방침을 결정했다. 
강 원내대표는 “재난은 더 약하고 어려운 사람들을 잔인하게 파고들고 있다”며 코로나19 시대 양극화 해소 방안들도 제시했다. 그는 “정부 행정명령으로 발생한 피해에 대한 지원을 제도화하고, 급여와 임대료, 공과금과 통신비, 은행이자 같은 고정비용을 지원하며, 통제 방역 단계 기간에 구직 급여에 준하는 최소 생활비용을 지급하고, 실질적인 영업이익에 따른 손실도 부분적으로 보전해 가자”고 주장했다. 또 “방역 단계 기간에는 약탈적인 연체료 청구도, 일방 계약 해지도 금지해야 한다”며 “국민 전체를 대상으로 하는 보편적 재난지원금도 제도화해야 한다”고 밝혔다. 
이런 지원을 위해 한시적 ‘특별재난연대세’ 도입을 강조했다. 그는 “‘특별재난연대세’는 코로나 극복을 위해 위기 상황에서도 소득이 크게 늘었거나, 높은 이윤이 있는 기업과 개인에게 사회연대 차원에서 한시적으로 추가 과세하고, 세수 증가분을 재해 예방 및 취약계층 지원, 실업 대응에 사용하자는 제안”이라며 “재난과 위기의 사회적 책임을 다하도록 강제하자”고 말했다. 이밖에도 전국민 소득보험 도입, 주거복지예산 대폭 확대, 교육 불평등 해소, 노동 존중사회 건설, 기후 위기 해결, 판문점 선언·평양 선언 국회 비준 등을 제안했다. 
한편 정의당은 류호정 의원의 비서 면직 사건을 중앙당기위원회로 넘기기로 했다. 정호진 수석대변인은 이날 “(해당 비서가) 당기위 제소 의사를 밝혔다. 당기위 절차를 통해 시비를 가릴 것”이라고 말했다. ","강은미 정의당 원내대표가 4일 국회 비교섭단체 연설에서 김종철 전 대표의 성추행 사건을 사과하고 오는 4월 서울·부산시장 보궐선거에 무공천 방침을 거듭 밝혔으며, 또 코로나19 시대 불평등 해소를 위해 추가적인 전국민 보편적 재난지원금 지급 등을 제안했다.",0.514500856
2021-04-28,與 이학영 '긴급 재난지원금 규모 매우 적어…확장재정 고민해야',서울경제,송종호,"viewer  윤호중 더불어민주당 비상대책위원장 겸 원내대표와 비상대책위원들이 28일 서울 여의도 국회에서 열린 비상대책위원회 회의에서 발언하고 있다. /권욱 기자googletag.cmd.push(function() { googletag.display('div-gpt-ad-1558947979364-0'); });googletag.cmd.push(function() { googletag.display('div-gpt-ad-1567043459465-0'); });이학영 더불어민주당 비상대책위원이 28일 코로나19 상황에서 “확장적 재정편성에 대한 고민이 필요하다”고 강조했다. 이 위원은 이날 당 비상대책위원회 회의에서 “지난 1년간 재정투입이 됐지만 비경제활동 인구 상당수가 각종 지원금 비롯한 구직급여와 공적급여의 사회적 혜택을 받지 못했다”며 이 같이 말했다. 그러면서 “1997년 IMF 사태와 글로벌 금융위기보다 코로나19로 인한 가계 경제가 더 힘들다는 조사 결과 발표됐다”며 “특히 경제적 후유증은 국민 모두가 힘들었던 IMF 사태를 훨씬 능가할 수 있다는 예측도 나오고 있다”고 말했다. 이어 “우리나라 GDP 대비 지출은 OECD 국가 중 최하위 수준으로 코로나19로 인한 취약계층의 경제적 충격은 다른 선진국보다 더 크게 다가올 수 밖에 없다”고 지적했다.  (function(d,a,b,l,e,_) {if(d[b]&&d[b].q)return;d[b]=function(){(d[b].q=d[b].q||[]).push(arguments)};e=a.createElement(l);e.async=1;e.charset='utf-8';e.src='//static.dable.io/dist/plugin.min.js';_=a.getElementsByTagName(l)[0];_.parentNode.insertBefore(e,_);})(window,document,'dable','script');dable('setService', 'sedaily.com');dable('sendLogOnce');dable('renderWidget', 'dablewidget_V7aeGx7B');  이 위원은 “주요국가들과 비교하면 GDP 대비 긴급재난지원금 규모가 매우 적은 상황”이라며 “미국, 일본, 영국, 등 주요 선진국과 비교뿐만 아니라 지난달 미국 바이든 대통령은 우리돈 2,152조7,000억원 달하는 코로나19 경기 부양 방안에 서명했다”고 말했다. 그러면서 “성인 1인당 1,400달러 재난지원금 받을 수 있게 됐다”며 “직접 지원 효과 뿐만 아니라 소상공인, 전통시장 체감경기를 개선하고 업종 총폐업률 안정화에 기여하는 효과를 기대할 수 있다”고 말했다. 마지막으로 그는 “국가의 재정건전성도 물론 중요하겠지만 사상 유례 없는 위기에 대응하기 위해서는 그 방법도 유례없이 돼야 한다”며 “5월 임시국회가 열리는 즉시 정부와 국회가 함께 재정 편성 방안을 속도있게 논의해가길 바란다”고 덧붙였다. /송종호 기자 joist1894@sedaily.com

                                    < 저작권자 ⓒ 서울경제, 무단 전재 및 재배포 금지 >",윤호중 더불어민주당 비상대책위원장 겸 원내대표와 비상대책위원들이 28일 국회에서 열린 비상대책위원회 회의에서 지난 1년간 재정투입이 됐지만 비경제활동 인구 상당수가 각종 지원금 등 구직급여와 공적급여의 사회적 혜택을 받지 못했다면서확장적 재정편성에 대한 고민이 필요하다고 강조했다.,0.806664109
2021-04-23,이학영 “전국민 재난지원금 지급 다시 논의…상황 심각”,서울경제,이희조,"viewer  이학영(가운데) 더불어민주당 비상대책위원이 23일 서울 여의도 국회에서 열린 비상대책위원회의에서 발언하고 있다. /권욱 기자googletag.cmd.push(function() { googletag.display('div-gpt-ad-1558947979364-0'); });이학영 더불어민주당 비상대책위원이 23일 “장기적 경기 침체를 극복하고 내수 경제를 활성화하기 위해 전 국민 재난지원금 지급을 다시 논의하겠다”고 했다.googletag.cmd.push(function() { googletag.display('div-gpt-ad-1567043459465-0'); });이 위원은 이날 당 비상대책위원회 회의에서 “5월 국회는 ‘민생 최우선’ 국회가 돼야 한다”며 이렇게 말했다.그는 “어제(22일) 충북 자영업자를 만나 호소를 들으며 송구했다”며 “신종 코로나바이러스 감염증(코로나19) 발생 후 중·소상공인들은 생존이 위협받는 손실을 감수하며 정부 방역 대책에 적극 협조했다”고 설명했다. (function(d,a,b,l,e,_) {if(d[b]&&d[b].q)return;d[b]=function(){(d[b].q=d[b].q||[]).push(arguments)};e=a.createElement(l);e.async=1;e.charset='utf-8';e.src='//static.dable.io/dist/plugin.min.js';_=a.getElementsByTagName(l)[0];_.parentNode.insertBefore(e,_);})(window,document,'dable','script');dable('setService', 'sedaily.com');dable('sendLogOnce');dable('renderWidget', 'dablewidget_V7aeGx7B');  그러면서 “하지만 이분들의 상황은 심각하다”며 “업주 개개인이 피해를 감당한다. 더 이상 감당 못한다”고 말했다. 이어 “어떻게든 정부가 최대한 기대에 맞춰 지원을 해야 한다”면서 “정치권이 응답할 차례”라고 덧붙였다.이 위원은 “중·소상공인과 자영업자들의 믿음과 희생이 응답하겠다”며 “빠짐없이 보상받도록 직접 지원, 금융세제 지원에 최선을 다하겠다”고 강조했다.이날 회의 종료 후 최인호 당 수석대변인은 이 위원의 재난지원금 재논의 언급과 관련해 “구체적 논의는 없었다”고 선을 그었다. 최 대변인은 이 위원에 대해 “지방 순회 간담회나 산자위원(국회 산업통상자원중소벤처기업위원회 위원)을 맡고 계시기 때문에 이 부분에 정통하시고 비대위원으로서 평소 소신을 말씀하신 것”이라고 설명했다./이희조 기자 love@sedaily.com

                                    < 저작권자 ⓒ 서울경제, 무단 전재 및 재배포 금지 >",이학영 더불어민주당 비상대책위원이 장기적 경기 침체를 극복하고 내수 경제를 활성화하기 위해 전 국민 재난지원금 지급을 다시 논의하겠다고 밝혔다.,0.293400884
2021-04-01,"김영춘 후보, 부산시민 1인당 10만원 재난지원금 지급 공약",서울경제,송종호,"viewer  4·7 부산시장 보궐선거 김영춘 더불어민주당 부산시장 후보가 1일 부산 서구 충무동 사거리에서 열린 집중유세에서 이광재 의원과 지지를 호소하고 있다./연합뉴스googletag.cmd.push(function() { googletag.display('div-gpt-ad-1558947979364-0'); });googletag.cmd.push(function() { googletag.display('div-gpt-ad-1567043459465-0'); });김영춘 더불어민주당 부산시장 후보가 1일 전 시민에게 1인당 10만원의 재난지원금을 지급하겠다고 공약했다.김 후보는 이날 오후 10시 40분부터 진행될 부산MBC 후보자 방송토론에서 이같은 내용을 구체적으로 알릴 예정이다. 김 후보 측은 ""전 시민 재난지원금으로 신종 코로나바이러스 감염증(코로나19) 시대에 어려움을 겪고 있는 시민들을 위로하고 희망을 주기 위해 결정했다""며 ""코로나19가 완화되는 시점에 동백전으로 지급해 지역경제에도 도움이 되게 할 예정""이라고 밝혔다. (function(d,a,b,l,e,_) {if(d[b]&&d[b].q)return;d[b]=function(){(d[b].q=d[b].q||[]).push(arguments)};e=a.createElement(l);e.async=1;e.charset='utf-8';e.src='//static.dable.io/dist/plugin.min.js';_=a.getElementsByTagName(l)[0];_.parentNode.insertBefore(e,_);})(window,document,'dable','script');dable('setService', 'sedaily.com');dable('sendLogOnce');dable('renderWidget', 'dablewidget_V7aeGx7B');  김 후보는 ""지금은 전쟁상황이다. 재정을 걱정하기에 앞서 삶의 위기를 겪고 있는 시민들에 대한 걱정과 대책이 우선이다. 이는 국가와 지방정부의 당연한 책무""라고 했다. 그러면서 ""시장 당선 후 1년 안에 전 시민 1인당 10만원 재난지원금, 소상공인 대출 확대 등을 반드시 시행할 것""이라고 강조했다./송종호 기자 joist1894@sedaily.com

                                    < 저작권자 ⓒ 서울경제, 무단 전재 및 재배포 금지 >",김영춘 더불어민주당 부산시장 후보가 1일 부산 서구 충무동 사거리에서 열린 집중유세에서 이광재 의원과 지지자들에게 전 시민에게 1인당 10만원의 재난지원금을 지급하겠다고 약속하며 부산MBC 후보자 방송토론에서 이같은 내용을 구체적으로 알릴 예정이다.,0.315402359
2021-04-01,박영선 이어 김영춘도 '부산시민1인당 재난지원금 10만원씩 지급',서울경제,강지수,"viewer  지난 31일 오후 부산 중구 한 건물에서 열린 4·7 부산시장 보궐선거 김영춘 더불어민주당 후보 후원회 개소식에 김경수(왼쪽부터) 경남도지사, 송철호 울산시장, 김영춘 후보, 이재명 경기도지사가 참석해 기념촬영하고 있다. /연합뉴스googletag.cmd.push(function() { googletag.display('div-gpt-ad-1558947979364-0'); });googletag.cmd.push(function() { googletag.display('div-gpt-ad-1567043459465-0'); });김영춘 더불어민주당 부산시장 후보는 1일 “시장이 되면 1년 내 부산시민 재난지원금으로 1인당 10만원씩 지급하겠다”고 공약했다.김 후보는 “지금은 전쟁상황이다. 재정을 걱정하기에 앞서 삶의 위기를 겪고 있는 시민들에 대한 걱정과 대책이 우선이고 이는 국가와 지방정부의 당연한 책무”라며 “시장 당선 후 1년 안에 전 시민 1인당 10만원 재난지원금 지급, 소상공인 대출 확대 등을 반드시 시행할 것”이라고 언급했다. (function(d,a,b,l,e,_) {if(d[b]&&d[b].q)return;d[b]=function(){(d[b].q=d[b].q||[]).push(arguments)};e=a.createElement(l);e.async=1;e.charset='utf-8';e.src='//static.dable.io/dist/plugin.min.js';_=a.getElementsByTagName(l)[0];_.parentNode.insertBefore(e,_);})(window,document,'dable','script');dable('setService', 'sedaily.com');dable('sendLogOnce');dable('renderWidget', 'dablewidget_V7aeGx7B');  김 후보 캠프 관계자는 “전 시민 재난지원금으로 코로나19 시대에 어려움을 겪고 있는 시민들을 위로하고 희망을 주기 위해 이같이 결정했다”며 “코로나가 완화되는 시점에 (부산 지역 화폐인) 동백전으로 지급해 지역 경제에도 도움이 되게 할 예정”이라고 설명했다. 해당 재난지원금 재원은 부산시 재정으로 충당할 예정이다.김 후보는 이날 오후 10시40분부터 진행될 부산MBC 후보자 방송토론에서 이같은 내용을 구체적으로 알릴 방침이다./강지수 인턴기자 jisukang@sedaily.com

                                    < 저작권자 ⓒ 서울경제, 무단 전재 및 재배포 금지 >","부산 31일 오후 부산 중구 한 건물에서 열린 4·7 부산시장 보궐선거 김영춘 더불어민주당 후보 후원회 개소식에서, 김영춘 더불어민주당 부산시장 후보는 ""시장이 되면 1년 내 부산시민 재난지원금으로 1인당 10만원씩 지급하겠다""고 공약했다.",0.741148174
