press,date,title,reporter,content
프레시안,2021.04.27.,"文대통령, 노바백스 CEO 만나...백신 기술이전 계약 연장 추진",서어리,"문재인 대통령과 스탠리 어크 노바백스 최고경영자(CEO)가 노바백스의 코로나19 백신 기술이전 생산방식 계약을 내년까지 연장하는 방안을 추진하기로 했다. 또 노바백스 백신은 당초 계약한 총 2000만 명분 가운데 1000만 명분을 우선적으로 3분기까지 국내에 공급하기로 했다. 물량 추가 계약에 대한 논의는 없었던 것으로 알려졌다. 문 대통령은 27일 어크 회장을 청와대에 초청해 접견한 자리에서 ""한국 국민들은 노바백스 백신에 큰 기대를 걸고 있다""고 했다. 그러면서 ""노바백스사는 한국 SK와 기술이전을 통한 위탁생산 계약을 체결했고 실제로 한국에서 생산이 이뤄지고 있어서 우리에게 매우 의미가 깊다""며 ""양사의 협력 관계가 앞으로도 계속 유지되고 더욱 발전해 나가기를 바란다""고 했다. ▲27일 스탠리 어크 노바백스 최고경영자(CEO)와 접견한 문재인 대통령. ⓒ청와대 노바백스 백신은 SK바이오사이언스가 국내 공장에서 전량 위탁 생산하고 정부에 판매하는 방식의 백신이다. 백신을 위탁 생산할 경우 물량을 어디로 공급할지 결정권을 갖고 있어 직접 생산하는 방식이 유리하다. 이 때문에 정부로선 노바백스와의 협력 관계를 유지하는 것이 관건이다. 노바백스가 상반기 백신 생산에 필요한 원자재 확보에 어려움을 겪자 정부가 원부자재 수급에 협력하기도 했다. 문 대통령은 ""앞으로도 양사 협력이 더 발전해 나갈 수 있도록 정부가 긴밀히 협력하겠다""고 약속했다. 이날 접견 자리에 배석한 권덕철 범정부 백신 도입 태스크포스(TF) 팀장(보건복지부 장관)은 브리핑을 통해 ""정부는 해당 백신이 중장기적으로 안정적인 공급이 이루어질 수 있도록 원액 생산에 대한 기술 이전 생산 방식 계약 연장을 추진하기로 했다""며 ""이를 통해 국내 기업을 통한 안정적인 백신 공급은 물론 향후 우리나라 백신 개발 원천 기술 발전에도 기여할 것""이라고 했다. 국내 사용 승인 절차도 신속하게 진행하기로 했다. 노바백스사는 현재 영국에서 임상 3상을 마치고, 영국과 유럽의약품청(EMA) 등에서 허가 절차를 진행 중이다. 권 팀장은 ""노바백스사 국내 허가에 필요한 자료를 조기에 제출하고, 식품의약품안전처는 '노바백스 백신심사반' 운영 등을 통해 백신의 안전성이나 효과 등에 대해 신속하게 검토하기로 했다""고 밝혔다. 백신 공급 시기에 대해선 ""최대 1000만 명분을 3분기 내에 공급받을 수 있게 됐다""고 밝혔다. 나머지 물량 1000만 명분도 연말까지 순차적으로 공급될 계획이다. 다만, 이날 접견 자리에서 물량 추가 계약에 대한 논의는 이뤄지지 않은 것으로 알려졌다. 청와대 관계자는 이와 관련해 ""물량 자체에 대한 논의가 있지는 않았으나 직접 생산 방식이 되면, 물량도 가능한 범위 내에서 늘릴 수도 있는 것으로 알고 있다""고 부연 설명했다. 어크 회장은 문 대통령에게 ""SK바이오사이언스는 백신 제조역량이 뛰어난 회사""라며 ""원부자재 확보를 위한 한국 정부의 전폭적 협력에도 감사한다""고 했다. 문 대통령은 지난 1월 어크 회장과 영상 회의를 통해 백신 생산 기술 이전 계약 상황 등을 논의했고 이날 처음으로 직접 대면했다."
프레시안,2021.04.26.,"文대통령 ""백신 정치화로 불안감 부추기지 말아달라""",서어리,"문재인 대통령이 ""백신 문제를 지나치게 정치화하여 백신 수급과 접종에 대해 막연한 불안감을 부추기는 일이 없도록 해달라""고 당부했다. 문 대통령은 26일 오후 청와대에서 진행된 수석‧보좌관 회의에서 ""정부 계획대로 4월 말 300만, 상반기 중으로 1200만 명 또는 그 이상의 접종이 시행될지 여부는 조금만 더 지켜보면 알 수 있는 일""이라면서 이같이 말했다. 정부 계획대로 백신 접종이 시행되지 않은 사실이 확인되면 충분히 문제 제기를 할 수 있는 만큼, 지금 단계에서는 섣부른 비판을 삼가달라는 주문이다. 백신 수급 불안정과 관련해 '정부 무능'을 주장해온 국민의힘은 ""백신 정책 실패""라고 연일 공세를 집중하고 있다. 국민의힘은 ""도대체 집단면역을 형성할 생각이 있는 것인지 집단면역에 대한 자신감이 있는 것인지 대통령에게 따져 묻고 싶다""고 비판했다. 이에 대해 정부는 화이자와 4000만 회분 추가 백신 계약을 체결하면서 다시금 11월 집단면역 형성에 대한 자신감을 보였다. 정부는 '4월 말 300만 명 접종, 6월 말 1200만 명 접종, 11월 집단 면역' 시나리오를 밝힌 바 있다. 문 대통령은 ""당초의 계획대로 차질 없이 접종을 진행하고 있다""면서 ""정부는 접종 목표의 이행을 자신하고 있다""고 거듭 밝혔다. 그러면서 ""내부적으로는 (기존 목표에) 플러스 알파(+a)를 더하여 4월 말까지와 상반기 중의 접종 인원을 더 늘리고 집단면역도 더 앞당기려는 목표를 가지고 있다""고도 했다. 문 대통령은 ""우리와 형편이 다른 나라와 비교할 것 없이 우리의 형편에 맞게 계획을 세우고, 계획대로 차질 없이 실행하는 것이 무엇보다 중요하다""고 했다. 그는 ""정부는 혹시라도 있을지 모를 백신 수급 불안요인에 대비하고, 접종 속도를 더 높이는 것은 물론 접종 대상 연령 확대와 3차 접종이 필요하게 될 경우까지 대비하여, 범정부 TF를 구성하여 백신 물량을 추가 확보하는데 행정력과 외교력을 총동원하고 있다""면서 ""그 결과로 나타난 것이 화이자 백신 4000만 회 분 추가 구매 계약 체결""이라고 했다. 이어 ""정부는 앞으로도 모든 필요에 대비해 나갈 것""이라면서 ""정부는 이미 확보한 백신 외에 다른 백신에 대해서도 국제 동향과 효과 및 안전성을 면밀히 살펴보고 있다""고 했다. 문 대통령은 ""전 세계적인 백신 생산 부족과 백신 개발국의 자국 우선주의, 강대국들의 백신 사재기 속에서 우리가 필요한 백신 물량을 확보할 수 있었던 데에는, 방역 모범국가라는 우리나라에 대한 평가와 함께 우리 기업들이 가지고 있는 세계 최고 수준의 백신 위탁 생산 능력과 특수 주사기 생산 능력 등이 큰 힘이 되었다""고 했다. 이어 ""지금 우리 기업들은 세 종류의 백신을 위탁 생산하고 있는데, 앞으로 더 늘어날 전망""이라면서 ""국민들께서도 자신감을 가져 주시기 바란다""고 했다. 그러면서 ""한 가지 다행스러운 것은 고위험군에 대한 백신 접종이 대부분 완료되고 국산 치료제가 활용되고 있는 덕분에 위중증 환자 비율과 치명률이 크게 낮아졌다는 점""이라면서 ""정부가 최선을 다하겠지만, 국민들께서도 방역수칙 준수와 백신 접종에 계속해서 협력해 주실 것을 당부드린다""고 했다."
프레시안,2021.04.22.,"'스푸트니크V', 백신 수급 돌파구 될까?",이재호,"러시아가 개발한 코로나19(신종 코로나바이러스 감염증) 백신인 '스푸트니크V'의 국내 도입을 위해 외교부가 관련 정보 수집 조치에 착수했다. 22일 최영삼 외교부 대변인은 러시아 백신 안전성 확인 작업과 관련 ""식약처로부터 스푸트니크V의 안전성 관련 해외 정보 수집 요청을 하는 공문을 받았다""며 ""외교부는 이후 이와 관련해서 해외공관에 대해서 필요한 조치를 지시했다""고 말했다. 앞서 식약처는 이날 오전 스푸트니크V 백신을 접종하는 국가에서 혈전 발생 등 이상반응과 관련한 정보 수집을 요청하는 내용의 공문을 보냈다며, 백신과 관련한 해외 자료 등을 수집하기 위한 차원이라고 설명했다. 스푸트니크V 백신 도입 검토는 지난 21일 문재인 대통령이 해당 백신 도입 가능성을 점검해보라는 지시가 나온 이후 본격화되고 있다. 청와대 관계자는 ""백신 수급에 대한 우려가 있는 만큼 러시아산 백신 도입 문제도 검토할 필요가 있다는 참모진의 건의에 문 대통령이 '그렇게 하라'는 언급을 했다""고 전했다. 정부가 스푸트니크V 백신 도입을 검토하는 배경에는 미국산 백신의 수급이 원활하지 않은 점이 작용한 것으로 보인다. 정의용 외교부 장관은 지난 21일 국회 외교통일위원회 긴급 현안질의에서 한미 백신 스와프(Vaccine Swap‧백신 교환) 가능성을 언급했지만, 바로 다음날 관훈클럽 토론회에서는 미국 국내 비축분에도 여유가 없다는 답을 받았다고 밝혔다. 조 바이든 미국 대통령 역시 21일(현지 시각) 백신의 해외 공유에 대해 ""지금 해외로 그것(백신)을 보내는 걸 확신할 만큼 충분히 가지고 있지 않지만, (앞으로는) 할 수 있을 것으로 기대한다""고 말해 현 상황에서는 쉽지 않다는 점을 분명히 했다. ▲ 러시아에서 개발된 스푸트니크V 백신 ⓒ로이터=연합뉴스 이와 함께 스푸트니크V 백신의 안전성이 일정 부분 확보됐다는 점도 정부의 검토에 영향을 준 것으로 관측된다. 지난 2월 이 백신의 3단계 임상 시험 결과가 국제 의학 학술지 랜싯(The Lancet)에 게재됐는데, 두 차례 투여된 사람 중 91.6%의 코로나 예방효과를 보인 것으로 전해졌다. 해당 백신이 상온에서 운반이 가능하다는 점, 화이자 등 미국 백신보다 가격이 저렴하다는 점 등도 강점으로 꼽힌다. 이에 유럽의약품청은 승인 심사를 진행하고 있고 독일 등에서도 도입을 검토하고 있는 것으로 알려졌다. 다만 정부는 기존에 도입해왔던 화이자나 아스트라제네카 등 서구권 백신의 도입에도 계속 노력하겠다는 입장을 보였다. 이날 기자들과 만난 외교부 당국자는 ""어떤 특정한 다른 백신을 확보하려는 노력과 상관없이 미국과 백신 협력은 당연히 계속 되는 것""이라고 말했다."
프레시안,2021.04.21.,"정의용 ""미국, 백신 비축분 여유 없다는 입장""…백신 스와프 난기류",이재호,"정의용 외교부 장관이 한미 백신 스와프(Vaccine Swap‧백신 교환) 협의와 관련, 미국으로부터 국내 비축분의 여유가 없다는 입장을 들었지만, 코로나 19(신종 코로나 바이러스) 확산 초기 한국에서 진단 키트를 미국에 제공했다는 사실을 언급하며 연대 정신이 중요하다고 강조했다. 정의용 장관은 21일 서울 프레스센터에서 관훈클럽 주최로 열린 관훈토론회에서 백신 스와프와 관련해 ""미국과 진지한 협의 중이지만, 미국도 국내 사정이 아직도 매우 어렵다는 입장을 저희한테 설명 중""이라고 밝혔다. 정 장관은 ""결과를 예단하기는 어렵지만 미국은 올해 여름까지 집단면역을 이루겠다는 계획을 가지고 있다""며 ""그를 위한 국내 백신 비축분에 여유가 없다는 입장""이라고 전했다. 그는 ""지난해 코로나 19 초기 단계에 우리가 개발했던 진단키트와 마스크 등을 대량으로 (미국에 지원했다)""며 ""한미 동맹이라는 양국 간 특별한 관계를 감안해 직접 공수했다. 그런 사정을 미국 측에 설명하고 어려울 때 친구가 진정한 친구라는 점을 강조했다""고 말했다. ▲ 정의용 외교부 장관이 21일 서울 프레스센터에서 열린 관훈토론회에서 패널들의 질문에 답변하고 있다. ⓒ연합뉴스 미국이 요구하는 쿼드(QUAD, 미국‧일본‧호주‧인도 등이 참여하고 있는 비공식적인 안보 협의체)에 참여하는 등의 조치를 취해야 백신을 지원받을 수 있는 것 아니냐는 지적에 정 장관은 ""서로 어려울 때 도와줄 수 있는 방안의 차원에서 미측과 협의하고 있다""며 ""협력할 수 있는 분야는 백신뿐만 아니라 여러 분야가 있다""고 답했다. 정 장관은 ""예를 들어 바이든 대통령이 관심 가지고 있는 글로벌 공급망에서 우리가 미국을 도와줄 수 있는 분야도 많이 있다""며 ""미국이 지난해 우리가 보여줬던 연대 정신에 입각해서 현재 우리가 겪고 있는 백신 수급의 어려움을 도와줄 수 있기를 희망한다""고 덧붙였다. 한편 지난 2일(현지 시각) 제이크 설리번 미 백악관 국가안보보좌관이 서훈 국가안보실장을 만났을 때 쿼드 가입을 요구했다는 일본 언론 보도와 관련, 양자 회담에서 쿼드에 대한 논의가 있었냐는 질문에 정 장관은 ""구체적 협의는 없었다""고 답했다. 그는 ""쿼드 문제에 대해서는 우리가 미국 쪽에 포용성이 있고 개방적이고 투명하게 했으면 좋겠다는 입장을 분명히했고, 미국도 우리 입장을 수긍했다""며 ""쿼드가 지향하는 여러 분야에서의 외교적 노력에 우리가 동참하지 못할 이유가 없다. 분야에 따라 충분히 협력이 가능하다. 다만 쿼드에 참여하는 것은 다른 문제다. 좀 더 신중하게 하겠다""고 말했다."
프레시안,2021.04.20.,"정의용 ""한미 '백신 스와프' 진지하게 협의 중""",이재호,"정의용 외교부 장관이 한미 간 백신 스와프(Vaccine Swap‧백신 교환)를 협의하고 있다고 밝혔다. 20일 국회 외교통일위원회 전체회의에 참석한 정 장관은 미국으로부터 백신 물량을 우선 지원받고 이후 생산되는 국내 백신으로 이를 갚는 맞교환 약정인 '백신 스와프' 체결을 위해 한미 양국이 협의하고 있다고 말했다. 그는 ""지금 미국 측과 (백신 스와프에 대해) 상당히 진지하게 협의하고 있다""며 ""지난주 존 케리 미국 대통령 기후 특사가 (한국에) 왔을 때도 이 문제에 관해 집중적으로 협의했다""고 전했다. ▲ 정의용 외교부 장관이 20일 오전 서울 여의도 국회에서 열린 외교통일위원회 전체회의에서 질의에 답변하고 있다. ⓒ연합뉴스 최영삼 외교부 대변인은 이날 정례브리핑에서 백신 스와프에 대해 ""현 단계에서 구체적인 내용은 소개해드릴 수 없다""면서도 ""한미 간 백신 협력 문제와 관련해서 현재 우리 외교부는 관계부처들과 긴밀한 협의하에 미국 측과 백신 협력을 위해 다방면의 노력을 경주하고 있다""며 관련 협의가 진행 중임을 내비쳤다. 백신 스와프가 구체적으로 어떻게 진행되며, 미국과 이를 진행하고 있는 국가가 있냐는 질문에 외교부 당국자는 ""포괄적 백신 협력이라고 이름 붙이겠다""면서 ""다른 나라 사례에 대해서는 갖고 있는 것이 없다""고 답했다. 한편 정 장관은 전날인 19일에 열린 국회 대정부질문에서 일본 후쿠시마 핵발전소의 오염수 배출 문제에 대해 ""IAEA(국제원자력기구) 기준에 맞는 적합한 절차에 따른다면 굳이 반대할 건 없다""고 밝혔던 발언과 관련, ""(일본의 오염수 방출에 대해) 단호하게 반대하고 있음을 강조한다""고 해명했다. 정 장관은 ""정부가 일본이 하면 무조건 반대하는 것 아니냐는 지적이 있어서 그게 아니라는 취지에서 말한 것""이라며 ""국민의 건강과 안전을 담보할 과학적 근거 제시, 우리 정부와의 충분한 사전 협의, IAEA 검증 과정에 우리 전문가나 연구소 대표 참여 보장 등 조건을 말했었다""고 설명했다."
프레시안,2021.04.20.,"文대통령 ""아시아에서부터 백신 등, 코로나 문제에 공동대응해야""",서어리,"문재인 대통령이 ""아시아에서부터 코로나에 공동대응해야 한다""면서 백신 공급, 인력 이동 등에 대한 협력을 중국에 강조했다. 문 대통령은 20일 '아시아판 다보스 포럼'으로 불리는 보아오 포럼 개막식 영상 메시지를 통해 ""어떤 나라도 혼자만의 힘으로, 이웃에 대한 배려 없이 코로나와의 전쟁에서 승리할 수 없다""면서 이같이 밝혔다. 한국을 포함한 다수 국가가 겪고 있는 백신 부족 문제를 전 세계가 함께 해결해야 한다는 취지로 풀이된다. 올해로 창립 20주년을 맞은 보아오포럼은 비정부 기구인 보아오 포럼 사무국이 주최하고 있으나, 중국 정부가 후원하며 자국 주도의 국제 여론 형성의 장으로 활용하고 있다. 이번 해에는 18일 개막해 나흘간 진행된다. 미중 갈등이 고조되는 가운데, 중국은 보아오포럼을 통해 자국의 국제적 위상을 높이고 외교 강화를 꾀하려는 것으로 보인다. 문 대통령은 ""포스트 코로나 시대, 공존과 새로운 번영을 위해서는 국제사회의 연대와 협력이 무엇보다 중요하다""면서 ""큰 나라와 작은 나라, 선진국과 개발도상국이 서로를 존중하며 동등하게 협력할 때 인류의 미래도 지속가능해질 것""이라면서 포용성이 강화된 다자주의 협력을 강조했다. 그는 ""자국 우선주의와 보호무역주의가 확산되고 있다""면서 ""당장에는 자국 경제를 지키는 담이 될 수 있겠지만, 결국에는 세계 경제의 회복을 가로막는 장벽이 될 것""이라고 했다. 이어 ""개발도상국에 대한 백신 기부와 같은 다양한 코로나 지원 활동을 펼치고 있는 중국 정부의 노력을 높이 평가하며, 한국도 공평한 백신 공급, 원활한 인력 이동, 과감한 재정투자 등 코로나 극복을 위한 협력을 더욱 강화해나갈 것""이라고 했다. 그러면서 ""지난해 출범한 동북아시아 방역․보건 협력체를 통해 역내 협력을 내실화하고, 아시아가 코로나 극복의 모범을 만들어가길 기대한다""고 밝혔다. 문 대통령은 아울러 ""'녹색 회복'을 위한 공동행동은 매우 시급한 문제""라면서 ""나라마다 상황에 맞는 실천방안을 만들고, 서로를 보완해가며 동시에 행동해야 한다""고 했다."
프레시안,2021.04.19.,"文대통령 ""한미 양국간 백신 협력 등 긴밀한 공조""",서어리,"문재인 대통령이 ""정부는 무엇이 문제이고 과제인지 냉정하게 직시하고, 무거운 책임감과 비상한 각오로 임해야 할 것""이라며 임기 후반기 각오를 밝혔다. 문 대통령은 19일 오후 청와대에서 열린 수석‧보좌관 회의에서 ""공직기강을 철저히 확립하고, 더욱 낮은 자세로 국민의 목소리에 귀 기울여야 하겠다""면서 이같이 말했다. 이날 회의에는 이철희 정무수석과 이태한 사회수석, 박경미 대변인 등 지난 16일 새롭게 임명된 참모진도 처음으로 자리했다. 개각과 청와대 개편 등으로 인적 변화가 생긴 가운데, 4.7 재보선 참패 후유증을 털고 국정 과제 해결을 위해 다시 새롭게 출발하겠다는 의지를 밝힌 것. 문 대통령은 ""마지막까지 부패하지 않고 마지막까지 유능해야 한다""며 ""각 부처는 국민 눈높이에서 정책을 더 세심하게 점검하고 국민의 절실한 노력을 실현하는 데 전력을 기울여주기 바란다""고 했다. 그러면서 ""정부는 여당과 정책 협력을 강화하면서 민생을 가장 앞세우고 안정감 있게 정책을 추진해야 하겠다""면서 ""야당과의 소통과 협력에도 힘써주기 바란다""고 당부했다. 임기 초반 이후 정체된 대북 문제 해결 의지도 내비쳤다. 문 대통령은 ""현재 교착 상태에 머물러 있지만, 앞으로 나아가기 위한 숙고의 시간이라 생각하며 대화 복원을 위한 외교적 노력을 기울이고 있다""면서 ""우리는 지금의 잠정적인 평화를 항구적 평화로 정착시켜야 한다""고 강조했다. 그러면서 오는 5월 미국에서 열리는 한미 정상회담 계획을 언급하며 ""멈춰있는 한반도 평화의 시계를 다시 돌리기 위한 노력과 함께, 경제 협력과 코로나 대응, 백신 협력 등 양국 간 현안에 긴밀한 공조를 위해 심혈을 기울이겠다""고 했다. 문 대통령은 아울러 ""정부는 국제사회와의 연대와 협력도 보다 강화할 것""이라면서 ""며칠 후 기후정상회의가 열리고, 5월 말 한국에서 P4G 정상회의를 개최한다. 기후변화 대응에 국제사회의 일원으로서 책임과 역할을 더욱 높여가겠다""고 밝혔다."
프레시안,2021.04.09.,"국민의힘, AZ 접종중단 사태에 ""백신 청문회"" 주장",곽재훈,"4.7 보궐선거에서 완승을 거둔 국민의힘이 선거 후 첫 의제로 '백신 청문회'를 들고 나왔다. 아스트라제네카(AZ) 백신 안정성 우려로 인해 해당 백신 접종이 일시 중단된 사태를 겨냥한 공세다. 주호영 국민의힘 원내대표 겸 당 대표 권한대행은 9일 원내대책회의에서 ""우리 당이 백신 수급에 관해 수 차례 뼈아픈 지적을 했지만 정부 측으로부터 자세한 보고도 받지 못한 채 백신 접종 중단 사태가 생겼다""며 ""국내 도입 백신이 사실상 AZ 일색인 마당에 '11월 집단면역'은 고사하고 접종 계획 자체에 차질이 빚어질 수 있는 상황""이라고 지적했다. 주 원내대표는 ""국회 차원의 조속한 논의와 대책이 강구돼야 할 것""이라며 ""이제라도 백신 확보부터 접종까지의 전 과정을 다시 한 번 국민에게 소상히 보고하고 점검해봐야 할 것이다. 국회 차원의 조사와 청문회를 통해서라도 그 과정을 짚고 보완해야 할 것""이라고 제안했다. 다만 그는 ""(그러나) 정부는 외국 제약사와의 계약을 비밀 유지해야 한다는 이유로 깜깜이인 채로 국민들에게 그저 믿고 따라오라고만 강요하고 있다""고 말해, 국정조사나 청문회가 실제로 실시되기는 어려울 것이라는 전망을 시사하기도 했다. 주 원내대표는 ""백신 확보도 꼴찌로 한 마당에 안정성을 담보할 수도 없고 접종 계획조차 어그러지고 있다""며 ""애초에 백신 확보 자체가 왜 지연돼야 했는지도 이 정권은 대통령 책임 면피하는 데에만 급급하다""고 정부를 비판했다. 한편 주 원내대표는 ""어제 문재인 대통령께서 재보궐선거 결과에 대해 '국민 질책을 엄중히 받아들인다. 무거운 책임감으로 국정에 임하겠다'고 했다""며 ""꼭 그리 해 주길 간절히 부탁드린다""고 말했다. 중요 선거에서 압승을 거뒀지만, 정부를 향한 고압적 태도를 지양하는 듯한 제스츄어다. 그는 ""대통령께서 지난 4년 동안 '협치를 하겠다'고 수차 말은 했지만 실제로 나타난 모습은 오만과 독선, 아집과 위선, 야당 무시의 일방주의뿐이었다""며 ""우리 야당도 민심의 흐름이 얼마나 무서운지 새삼 절감하고 있지만, 정권도 민심 앞에 경외심을 갖고 노력해야 할 것""이라고 조언을 했다. 그는 ""문재인 정권 남은 임기 1년 동안 법치주의·민주주의 파괴 등 잘못된 일들을 모두 제자리로 돌려놓는 회복의 1년이 되기 바란다""며 ""대통령께서 말한 '무거운 책임감'을 저희 야당도 같이 공유해서 협치에 동참하도록 하겠다""고 했다."
프레시안,2021.03.23.,"AZ 백신 접종한 文대통령 ""조금도 안 아파""",서어리,"문재인 대통령이 23일 아스트라제네카 백신으로 코로나19 예방 접종을 받았다. 문 대통령은 이날 김정숙 여사와 함께 서울시 종로구 보건소를 찾아 코로나19 백신 접종을 마쳤다. 문 대통령의 예방 접종은 6월 예정된 주요7개국(G7) 회의 참석을 위한 것으로, 지난 17일부터 시행되고 있는 '필수목적 출국을 위한 예방접종 절차'에 따라 시행됐다. 오전 9시 종로구 보건소에 도착한 문 대통령은 체온 측정과 간단한 예진을 받은 후 접종실로 들어섰다. 양복을 벗고 반팔 셔츠를 위로 걷어올린 문 대통령은 왼팔에 주사를 맞았다. 접종을 마친 문 대통령은 ""(간호사가) 주사를 잘 놓으시니까 조금도 안 아프다""며 너스레를 떨기도 했다. ▲아스트라제네카 백신 접종 중인 문재인 대통령. ⓒ연합뉴스 문 대통령은 김 여사 접종까지 지켜본 후 간호사들에게 ""수고했다""고 인사하고 대기실로 이동했다. 백신 접종 후에는 이상 반응 등을 살피기 위해 대기 구역에서 30여 분 관찰을 해야 한다. 이날 문 대통령과 김 여사 외에 대통령비서실 직원 등 9명도 동행해 접종을 받았다. 11명이 함께 접종을 받는 것은, 접종 현장에서 폐기량 발생을 최소화하기 위해 잔량도 활용하라는 방침에 따라서다. 1바이알(병)당 11도즈(회) 접종이 가능하다. 문 대통령이 대통령 전담병원(국군서울지구병원)에서 예방접종을 받기보다는 다른 대표단 구성원들과 함께 접종을 희망했다는 게 청와대의 설명이다. 이날 문 대통령의 아스트라제네카 백신 접종을 시작으로 만 65세 이상 고령층에 대한 아스트라제네카 백신 접종이 본격적으로 시행됐다."
프레시안,2021.03.22.,"백신 접종 앞둔 文대통령 ""안전성에 조금도 의심 품지 말아달라""",서어리,"아스트라제네카 백신 접종을 하루 앞둔 문재인 대통령이 ""국민들께도 백신의 안전성에 조금도 의심을 품지 말고 접종 순서가 되는대로 접종에 응해주기 바란다""고 말했다. 문 대통령은 22일 오후 청와대에서 열린 수석‧보좌관 회의에서 ""아스트라제네카 백신의 안전성과 효과가 국제적으로 재확인되었다""면서 이같이 말했다. 유럽 각국이 아스트라제네카 백신 접종을 재개한 데 이어 이날 앞서 예방접종전문위원회도 ""아스트라제네카 백신의 접종이 지속되어야 한다""고 권고하면서 정부는 백신 접종을 독려에 주력하는 모양새다. 정부는 23일부터 만 65세 이상 요양병원과 요양시설 내 입원·입소자와 종사자 등에 대한 아스트라제네카(AZ) 백신 접종을 실시한다. 오는 6월 영국 (G7)(주요 7개국) 정상회의 참석을 앞둔 문 대통령 내외도 23일 아스트라제네카 백신을 공개 접종할 예정이다. 문 대통령은 ""대다수 유럽 국가들도 (아스트라제네카 백신) 접종을 재개했고, 우리 질병청도 65세 이상까지 접종 대상을 확대했다""면서 ""정부는 백신 접종과 집단면역의 속도를 당초 계획보다 높여나가겠다""고 했다. 이어 ""철저한 사전 준비와 체계적 접종 시스템이 가동되며 다른 나라들에 비해 초기 접종 속도도 빠른 편""이라면서 ""1차 접종대상 전체 신청자 중 이미 93% 이상이 접종을 완료했고, 지난 주말부터는 2차 접종까지 마친 분들이 나오기 시작했다""고 했다. ""백신 수급도 원활히 진행되면서 2분기에는 접종 대상을 대폭 늘려 상반기 중에 1200만 명 이상을 접종할 계획""이라고도 했다. 문 대통령은 이어 코로나19 상황이 안정되면 본격적인 경기 진작에 나서겠다고 했다. 그는 ""국제기구들도 올해 한국의 경제성장률을 3% 중반대로 상향 전망하는 등 우리나라는 코로나 이전 수준의 경제를 가장 빨리 회복하는 선두국가 그룹에 서게 될 것""이라면서 ""가장 어려운 대면 서비스업종도 최근 거리두기 완화로 소비가 소폭 반등하는 등 그동안 크게 위축되었던 소비 부진이 완화되는 모습을 보이고 있다""고 했다. 그는 ""정부는 이 흐름이 꺾이지 않도록 방역 관리와 함께, 경제 활력을 높이기 위한 재정의 적극적 역할을 계속해 나가겠다""며 ""백신 접종이 진척되고, 방역 상황이 보다 안정될 경우 본격적인 경기 진작책도 준비해 나가겠다""고 했다. 최근 고용 흐름도 긍정적으로 평가했다. 그는 ""이 추세대로라면 3월부터는 작년 수준 또는 그 이상으로 고용이 회복될 수 있을 것으로 기대된다""면서 ""고용 안정과 일자리 창출을 경제 회복의 최우선 목표로 삼고, 정책적 노력을 집중하겠다""고 했다. 문 대통령은 20일가량 이어지고 있는 부동산 불법 투기 파문과 관련해선 ""정부로서는 매우 면목 없는 일이 되었지만 우리 사회가 부동산 불법 투기 근절을 위해 힘을 모아야 할 때""라고 했다. 이어 ""정부는 각계의 의견을 들어 고강도의 투기 근절 대책을 마련하고 실행하겠다""면서 ""한편으로, 서민들을 위한 2.4 공급 대책은 어떠한 경우에도 차질이 없어야 한다는 것을 거듭거듭 강조한다""고 밝혔다. 문 대통령은 ""최근 주택가격 상승세가 꺾이며 부동산 시장이 서서히 안정세로 접어들고 있는 만큼 그 추세를 이어가고, 국민들의 주택공급 기대감에 부응할 수 있도록 후속 입법과 대책 추진에 만전을 기해 주기 바란다""고 당부했다."
프레시안,2021.03.07.,"안철수 ""文정부, 선거개입으로 '백신 접종쇼' 할 거다""",박정연,"안철수 국민의당 서울시장 후보는 7일 최근 검찰총장직을 내려놓은 윤석열 전 검찰총장의 향후 정치행보와 관련 ""야권의 정권 교체에 도움 되는 방향으로 움직이지 않을까 생각한다""고 내다봤다. 안 후보는 MBN인터뷰에서 ""윤 전 총장에게 많은 야권 지지자들의 마음이 모여있다""며 이같이 밝혔다. 그는 ""본인도 어느 정도 이대로는 안 되겠다는 생각에 사표를 던진 것 아니겠냐. 그래서 그다음 행보는 본인이 말한 것을 지키는 그런 행보를 하시지 않을까""라고 했다. 그는 ""성급하게 정치를 시작하기보다, 국정 전반에 걸쳐 상세하게 살펴보고, 문제점을 어떻게 고칠 수 있는지, 내가 만들고 싶은 대한민국의 미래는 어떤 건지 비전을 열심히 준비하면 좋겠다""고 조언했다. 그는 ""이번 선거 같은 경우는 굉장히 많은 분들이 아직 국민의힘 지지자분들이 아닌 중도에 계신 분들이 많다""며 ""그래서 어떻게 하면 그분들도 선거에 적극적으로 참여하게 할 수 있을 것인가. 그것이 중요하다""고 했다. 그러면서 ""(4.7 서울시장 보궐선거는) 지금까지 한 번도 이루어지지 않았던 보수와 중도 간의 통합이 이루어지는 선거""라고 분석했다. 그러면서 ""(서울시장 선거에서) 조직 대 조직 싸움을 하면 야권이 백전백패다. 지금까지 대한민국 정치 역사상 한 정당이 서울에서 이렇게 강고한 조직을 가진 적이 없다""며 ""(여권의) 강고한 조직과 이제는 대결을 하기 위해서는 단순히 제1야당의 조직만으론 되지 않고, 시민들의 광범위한 지지가 필요하다""고 했다. 오세훈 국민의힘 서울시장 후보와의 단일화 가능성에 대해서는 ""반드시 단일화가 될 것""이라며 ""단일화는 시대 정신이다. 반드시 야권은 단일화를 이루려는 것이 야권 지지자분들의 명령이라고 생각한다""고 했다. 다만, ""그 과정이, 잡음이 없고 정말 많은 사람들이 화합할 수 있는 단일화가 되어야지만 지지자분들이 흩어지지 않고 모두 다 한 마음으로 단일 후보를 지지할 수 있다""고 지적했다. 또, ""(서울시장 보궐선거의) 다른 변수는 이제 정부에서의 노골적인 선거 개입""이라며 ""아마도 예상되는 것들이 '백신 접종 쇼', 3월 말에 엄청나게 큰 규모의 재난 지원금""을 언급했다. 이어 ""그리고 또 아마도 시진핑 방한에 대해서, '시진핑 방한 쇼'를 하지 않을까 싶다""고도 했다. 2011년 박원순 전 서울시장에게 서울시장 후보를 양보한 것에 대해서는 ""제가 처음 정치를 시작했을 때, 사람과 정치에 대해서 너무나 선의로 대했던 것 같다""며 "" 그런데, 정말 불행한 최후를 보면서 참담한 심정이었다""고 했다. 이어 ""그래서 사실은 결자해지의 심정으로 제가 처음 실을 묶었으니까, 그 실을 엉킨 실을 제가 풀겠다. 그런 심정으로 나오게 됐다""고 했다."
프레시안,2021.03.05.,"정세균 ""생계 무너지면 재정도 무너진다…민생이 백신""",곽재훈,"정세균 국무총리가 추가경정(추경) 예산안 시정연설을 통해 재정 투입 필요성을 강조했다. 'K-방역'을 넘어 'K-(경기)회복'이라는 목표도 제시했다. 정 총리는 5일 국회 본회의장에서 한 연설에서 ""이번 추경안은 절박한 피해계층의 고통을 덜어주기 위한 민생 치료제이고 우리 사회의 양극화 심화를 예방하기 위한 민생 백신""이라고 강조했다. 정 총리는 ""코로나19를 극복하고 도약의 길로 가기 위해서는 고통받는 이웃과 함께 하는 포용의 힘이 뒷받침되어야 한다""면서 코로나19가 남긴 ""양극화 심화라는 깊은 상흔""을 지적했다. 정 총리는 ""이제는 K-방역에 더해 'K-회복'의 모델을 만들어야 한다""며 ""K-회복을 위해 모두가 힘을 모으자""고 했다. 그는 ""(이를) 이번 추경안으로 뒷받침하겠다""며 ""당면한 민생과 고용위기를 해결함과 동시에 우리 사회 연대의 끈을 단단히 매겠다""고 했다. 정 총리는 이번 추경안으로 마련할 총 19.5조 원 규모 '4차 맞춤형 피해지원 대책'의 상세 내용과 재원 마련 방안에 대해 전날 국회에 제출된 추경안 내용대로 상세히 설명했다. 재원과 관련해 재정 건전성 논란이 있는 데 대해 그는 ""지난해 네 차례 추경과 올해 확장재정으로 재정여건이 어렵지만, 지금과 같은 초유의 위기 상황에서는 민생이 최우선""이라며 ""국민의 생계가 무너지면 나라 재정도 무너진다. 재정을 지키기 위해서라도 지금은 재정이 적극적으로 나서야 한다""고 강조했다. 정 총리는 국회에 조속한 추경안 심의를 당부하며 ""추경안이 국회를 통과하는 즉시 집행될 수 있도록 사전 준비에 만전을 기하겠다""고 했다. 그러나 야당에서는 재정 건정성 문제와 관련, 국채 발행 규모를 줄여야 한다며 '꼼꼼한' 심사를 예고했다. 주호영 국민의힘 원내대표는 본회의 후 기자들과 만나 ""세출 구조조정을 대폭, 많이 해야 한다""며 ""적자국채 발행 액수를 줄이고 기존 (2021년도 본예산) 558조 중에서 훨씬 더 세출 조정을 많이 해야 한다""고 말했다. 주 원내대표는 추경안 내용 중 고용지원 사업으로 '한국형 뉴딜' 일자리 예산 2조 원가량이 편성돼 있는 데 대햇도 ""임시적으로 그냥 돈 퍼주는 성격의 자리""라며 ""임시로 몇 달 돈 주고 일 맡기는 건데 이게 어떻게 일자리라고 할 수 있느냐. 사실상 퍼주기 아니냐""고 비판적 태도를 보였다. 국회 예산결산특별위원회 국민의힘 간사인 추경호 의원도 이날 오전 추경안 심의에 대한 당의 입장을 발표하면서 ""적자국채를 발행해 추경 재원을 조달할 것이 아니라, 기존의 본예산 558조원에 대한 뼈를 깎는 세출구조조정을 통해 추경재원을 마련하라""고 주장했다. 국민의힘은 추경 심의를 통해 ""적자국채 발행이 최소화될 수 있도록 최선의 노력을 다할 것""이라고 예고했다. 추 의원은 ""국민의힘은 코로나로 인해 힘들어하시는 국민들의 고통 상황을 엄중히 인식하고 있으며, 피해지원을 위한 재난지원금 등의 조치 필요성과 시급성에는 공감""한다면서도 ""재원이 모두 국민 혈세와 나랏빚인 만큼, 한 푼도 허투루 쓰이지 않게 철저히 살피겠다""고 했다."
프레시안,2021.03.03.,"文대통령 ""대장정 첫발…백신 가짜뉴스 경계해야""",서어리,"문재인 대통령이 코로나19 백신 접종이 시작된 데 대해 ""국민 불안을 부추기는 가짜뉴스들을 경계하면서 안정된 백신 접종을 위해 적극 협조해주시기 부탁드린다""고 정치권과 언론에 당부했다. 문 대통령은 2일 오전 청와대에서 화상으로 진행된 국무회의에서 ""어떤 백신이든 백신의 안전성을 정부가 약속하고 책임진다""면서 이같이 밝혔다. 문 대통령은 ""백신 접종이 순조롭게 진행되며 일상 회복을 위한 대장정의 첫발을 내딛었다""면서 ""정부는 모든 가능성에 치밀하게 대비하며 11월 집단 면역을 차질 없이 이뤄나갈 것""이라고 했다. 그는 ""우리나라는 예방 접종 인프라가 어느 나라보다도 잘 구축돼 있고, 해마다 독감 예방접종에서 보여주듯이 속도와 접종률에서 타의 추종을 불허하는 나라""라면서 ""국민들께서 정부를 믿고 정해진 순서에 따라 적극적으로 백신 접종에 참여해주신다면 한국은 K-방역에 이어 백신 접종과 집단 면역에도 모범국가가 될 수 있을 것""이라고 했다. 문 대통령은 이어 ""코로나 장기화와 방역조치 연장으로 민생과 고용의 어려움은 더욱 누적되고 있다""면서 4차 재난지원금 지급을 위한 조속한 협의를 촉구했다. 그는 ""정부는 당정 협의를 거쳐 19조5000억 원 규모의 4차 재난지원금을 마련했다. 15조 원 규모의 추경에 기존 예산 4조5000억 원을 더했다""면서 ""작년에 이어 2년 연속으로 3월초에 추경안을 국회에 제출하게 된 것은 코로나로 인한 민생과 고용 위기가 어느 때보다 심각하기 때문""이라고 했다. 문 대통령은 4차 재난지원금에 대해 ""가장 큰 규모로 두텁고 폭넓게 피해계층을 지원하면서 사각지대를 최소화하는 데 각별히 신경을 썼다""고 했다. 정부는 소상공인 버팀목 자금을 6조7000억 원 규모로 대폭 확대해 지원 대상을 385만 명으로 넓히고 지원 단가를 최대 500만 원까지 높였다. 소상공인에게 3개월간의 전기료를 감면하는 지원도 포함됐다. 그는 ""백신 구매와 전 국민 무료 접종 등 방역 예산도 추가했다""면서 ""4차 재난지원금이 어려운 국민들에게 하루 빨리 지급될 수 있도록 국회의 신속한 논의와 협의를 당부드린다""고 했다. 문 대통령은 아울러 지난주 국회에서 통과된 4.3 특별법 개정안을 언급하며 ""국가 폭력에 대한 책임을 명시하고 희생자에 대한 배상과 보상 근거를 마련했다는 점에서 매우 뜻 깊은 진전""이라고 했다. 또 ""ILO(국제노동기구) 핵심협약 비준 동의안이 통과된 것도 대단히 의미가 크다""면서 ""한국의 노동권이 선진국 수준으로 진입하는 발판을 마련했다""고 말했다."
프레시안,2021.02.26.,"백신 접종 참관한 文대통령 ""역사적인 1호 접종""",서어리,"26일 국내 코로나19 백신 접종이 처음 실시된 가운데, 문재인 대통령이 백신 접종 현장을 찾아 참관했다. 문 대통령은 ""역사적인 1호 접종""이라고 했다. 문 대통령은 정은경 질병관리청장과 함께 이날 오전 서울 마포구 보건소를 방문해 넥슨어린이재활병원장 김윤태 씨와 이정선 시립서부노인전문요양센터 작업치료사가 접종받는 모습을 지켜봤다. 문 대통령은 접종실로 들어오는 김 씨에게 ""역사적인 1호 접종이신데 제가 좀 지켜봐도 되겠습니까""라고 인사를 건넸다. 이에 김윤태 의사는 ""영광입니다""라고 답했다. 김 씨가 간호사에게 ""안 아프게 놔달라""고 하자, 문 대통령은 ""아니, 의사 선생님이신데""라고 말해 웃음을 자아냈다. 왼쪽 팔에 백신 접종을 마친 김 씨는 문 대통령과 함께 접종 후 관찰실로 이동해 이상 반응 여부를 살폈다. 첫 접종을 마친 김 씨는 ""백신의 안전성과 효과성이 충분히 검증됐다고 판단한다""고 말했다. 청와대 측은 이날 문 대통령의 백신 접종 현장 방문에 대해 ""안전하고 신속한 예방 접종을 통해 국민들이 빨리 일상을 회복할 수 있도록 독려하는 취지에서 문 대통령의 방문 일정을 잡은 것""이라고 설명했다. 정부는 이날 오전 9시부터 만 65세 미만의 요양병원·요양시설 입소자 및 종사자 등 약 29만 명을 대상으로 아스트라제네카 백신 접종을 시작했다."
프레시안,2021.02.03.,"文대통령 '백신 수송' 점검…""차질없는 접종 협업"" 당부",서어리,"문재인 대통령이 코로나19 백신 수송 모의훈련을 참관해 예방접종 준비상황을 직접 점검하고, 철저한 관리를 당부했다. 문 대통령은 3일 오전 인천공항 대한항공 제2화물터미널을 방문해 코로나19 백신 유통을 위한 민‧관‧군‧경 합동 모의훈련을 참관하고 ""국민들이 안전하고 신뢰할 수 있도록 최선을 다해주실 것을 믿는다""고 말했다. 정부는 코로나19 백신의 안전한 수송·보관·유통을 위해 코로나19 예방접종추진단 내 수송지원본부를 설치하고 범부처 합동 모의훈련을 진행해오고 있다. ▲코로나19 백신 유통을 위한 민·관·군·경 합동 모의훈련을 참관한 문재인 대통령. ⓒ청와대 문 대통령은 ""백신 접종의 현장 콘트롤타워는 질병관리청이지만 그 과정에 많은 부처의 협업이 필요하다""며 ""질병청이 차질 없이 접종을 할 수 있도록 유관 부처가 자기가 담당하는 협업분야를 철저히 잘 수행해주시기 바란다""고 했다. 이어 ""백신이 들어오면 국민들의 모든 관심이 여기에 몰릴 것으로 예상되니 다시 한번 질병청을 중심으로 방역에서 이뤄냈듯이 접종에서도 (역량을) 보여주시기 바란다""고 했다. 이날 모의훈련 현장에 함께 참석한 관계부처 수장들은 백신 수송 및 유통 과정을 문 대통령에게 보고했다. 노석환 관세청장은 ""백신을 공항에서 최대한 빨리 반출하기 위해서 관세청은 신속 통관 특례 절차를 마련했다""며 ""모든 지체 요인을 제거하여 통상 수입 절차보다 약 45시간을 단축했다""고 보고했다. 문 대통령은 수송 중 만일의 사태를 우려했다. 이에 정은경 질병관리청장은 ""15개 상황에 대해서 가상적 대비 시나리오는 가지고 있다""면서 철저히 대비하겠다고 밝혔다. 김창룡 경찰청장은 ""특공대원들이 전술 장비로 무장하고 있으며, 만일에 있을 테러와 백신 탈취 시도에 대응하며 우발 상황에 대한 대비로를 준비했다""고 했다. 서욱 국방부장관도 ""물류 창고에서 우발 상황이 발생하면 경찰서 및 소방서 등 가용역량을 통합해 신속하게 조치할 것""이라고 했다. 문 대통령은 화이자 제약 백신이 당초 계획보다 빨리 도입되는 데 따른 차질이 없는지에 대해서도 물었고, 정 청장은 ""문제 없다""고 답했다. 문 대통령은 훈련 중인 대테러팀, 경찰특공대, 순찰차, 백신수송차량, 경찰기동대 대원들에게 ""여러분들 수고하십시오"", ""감사합니다"", ""안전에 유의하면서 임무를 잘 수행해달라""라고 말하며 격려했다."
프레시안,2021.01.18.,"文대통령 ""백신 확보 충분히 빨랐다…11월 집단면역 형성될 것""",서어리,"문재인 대통령이 코로나19 백신과 관련해 ""지금 백신은 충분히 빨리 도입이 되고 있고, 또 충분한 물량이 확보가 됐다""고 강조했다. 문 대통령은 18일 청와대 춘추관에서 열린 2021 신년 기자회견에서 한국의 백신 확보가 비교적 늦다는 취지의 외신 기자의 질문에 반박하며 ""처음 개발하는 백신이기 때문에 여러 백신을 고르게 구입해 위험도를 분산시켰다""고 설명했다. 문 대통령은 ""충분히 (백신을) 빨리 확보했다""며 ""백신 유통기한도 있기 때문에 분기별로 순차적으로 도입을 해서 2월부터 시작해서 대체로 9월까지는 접종에 필요한 국민들의 1차 접종 관련 다 마칠 계획""이라고 했다. ▲18일 온오프라인으로 진행된 2021 신년 기자회견. ⓒ연합뉴스 그러면서 ""그쯤 되면 대체적으로 집단 면역 형성될 거라고 생각한다""며 ""일부 남은 2차 접종, 누락된 분들이 4분기에 접종을 마저 하면, 늦어도 11월에는 집단면역이 완전하게 형성될 거라고 생각한다""고 했다. 이어 ""이런 접종의 시기라든지, 그 다음에 집단면역의 형성시기 이런 면에서 다른 나라들과 비교해보면 한국은 결코 늦지 않고, 오히려 더 빠를 거라고 생각한다""고 말했다. 문 대통령은 ""이번 한 주간 확진자 400명대 이하를 유지할 수 있다면 방역 단계를 완화할 수 있을 것으로 기대한다""며 ""다음 달부터 백신 접종을 시작하고 앞서 치료제도 사용할 수 있기 때문에 세계 어느 나라보다도 앞서 방역 성공을 거두고 일상을 회복하는 나라가 될 것으로 생각한다""고 말했다. 아울러 백신 부작용을 최소화할 것이라며 방역 당국을 믿고 백신 접종에 임해달라고 당부했다. 문 대통령은 ""그 문제(백신 부작용) 때문에 방역 당국이 백신 도입 체결에 있어 대단히 신중했다""고 거듭 강조하면서 ""보통은 10년 이상, 빨라도 5년 이상 걸리는 백신을 1년 이내에 패스트트랙으로 개발한 것이어서 정부로선 2·3차 임상시험 결과를 지켜보면서 신중하게 도입 대상을 판단하지 않을 수 없었다""고 했다. 이어 ""외국에서 백신 임시승인이 났다고 해서 한국에서 곧바로 사용하는 게 아니""라며 ""식약처에서 한국 기준에 따라 안전성을 다시 심사하고 허가한 백신에 대해 접종하게 되는 것""이라고 설명했다. 그러면서 ""그래서 한국에서 접종 시행되는 것의 안정성은 국민이 안심해도 된다""면서 ""또 한 가지 좋은 것은 백신 접종에 있어 생기는 부작용 사례까지도 우리가 외국에서 이뤄지는 사례들을 보면서 한국은 충분히 분석할 수 있게 됐고 대비하면서 접종할 수 있게 됐다""고 했다. 문 대통령은 ""백신 접종은 무료""라면서 ""만에 하나 통상 범위를 넘어서는 부작용이 발생할 경우 정부가 충분히 보상하게 된다는 믿으시면서 안심하고 (접종에) 임해주시기를 바란다""고 했다. 문 대통령은 아울러 동부구치소의 코로나19 집담감염 사태에 대해 ""처음부터 조금 비상한 대책을 세웠으면 좋았겠다는 아쉬움이 있다""며 ""이번 사건을 교훈 삼아 앞으로 집단교정시설에서 지금과 같은 대규모 확산이 생기지 않도록 정부가 만전을 기하겠다""고 했다."
프레시안,2021.01.15.,"文대통령 ""정은경, 백신 전권 가지고 모든 부처 지휘하라""",서어리,"문재인 대통령이 정은경 질병관리청장에게 코로나19 백신과 관련해 ""전권을 가지고 전 부처를 지휘하라""고 지시했다. 문 대통령은 15일 오전 청와대에서 정 청장으로부터 코로나19 백신 접종 준비계획을 보고받은 뒤 이같이 말했다고 강민석 청와대 대변인이 브리핑을 통해 전했다. 문 대통령은 ""백신 예방 접종을 추진하는 데 있어 가장 중요한 것은 높은 신뢰를 유지하는 것""이라고 강조했다. 그러면서 ""작년 우리나라가 방역에 성공을 거둔 요인은 국민의 전폭적인 참여와 협조에 있었고 국민의 협조를 이끄는 건 방역당국이 신뢰를 유지했기 때문""이라며 ""접종 단계에서도 국민들에게 소상하게 알리고 소통하면서 신뢰를 잘 유지해달라""고 당부했다. 정 청장은 ""범정부적으로 가용자원을 총동원해 코로나19 예방접종 대응 추진단을 설치하고 각 부처에서 인력지원을 받아 접종 단게별로 협업체계를 구축하겠다""고 보고했다. 백신 접종 과정까지는 총 5단계로 나뉘며, 정부는 단계별로 협업 체계를 구축했다. 가장 먼저 식약처 허가 전담팀이 백신을 허가하면 국토부 항공수성지원 TF가 수송을 담당한다. 이어 보관·유통 단계에선 국방부 수송지원본부가 주축이 되고, 접종 준비와 접종 시행은 예방접종 지원단이 맡게 된다. 정 청장은 ""투명하고 공정한 절차에 기반한 백신 접종을 위해 명확히 지침을 만들고 도상훈련을 거쳐 사전 준비하겠다""고 말했다. 문 대통령은 ""백신의 보관부터 운송, 접종 및 접종효과 확인, 집단면역력을 갖추는 전 과정이 순조로울 수 있도록 이끌어달라""며 ""우리 행정력역량으로 잘 할 수 있을 것이다. 자신감을 가지고 임해달라""고 덧붙였다."
프레시안,2021.01.05.,"文대통령 ""다음달부터 코로나 백신·치료제로 본격 대응 가능""",서어리,"문재인 대통령이 ""올해 대한민국의 최우선 과제는 코로나의 긴 터널에서 하루 속히 벗어나는 것""이라면서 ""다음 달부터는 백신과 치료제를 통해 보다 본격적인 대응이 가능할 것""이라고 밝혔다. 문 대통령은 5일 오전 청와대에서 화상으로 진행된 새해 첫 국무회의에서 이같이 밝혔다. 문 대통령은 ""다행히 최근 감염재생산지수가 낮아지는 등 코로나 확산세가 정점을 지나 조금씩 억제되는 모습을 보여주고 있다""면서도 ""정부는 확실한 감소세가 이어지도록 방역에 고삐를 더욱 단단히 죄겠다""고 했다. 이어 ""국산 치료제 개발도 조건부 사용 승인을 신청하는 등 가시권에 들어섰다""면서 ""치료제가 상용화된다면 대한민국은 방역 백신 치료제 세 박자를 모두 갖춘 코로나 극복 모범국가가 될 수 있다""고 했다. 코로나19로 인한 불안한 민생도 서둘러 안정시키겠다고 했다. 그는 ""소상공인과 자영업자들의 경제적 타격이 가장 크다""면서 ""정부는 3차 재난지원금을 다음 주부터 지급하는 등 어려움을 덜어드리기 위해 최선을 다하고 있다""고 했다. 그러면서 ""복지 확대와 사회안전망 강화로 국민의 삶을 지키는 버팀목 역할을 충실히 하겠다""면서 ""돌봄 격차, 교육 격차 등 코로나로 인해 뚜렷하게 드러난 격차 해소에도 최선을 다하겠다""고 했다. 이어 ""무엇보다 고용 유지를 위한 지원에 총력을 다하면서 임시직과 일용직, 특수고용직 등 취약계층 고용안전망 확충에 심혈을 기울이겠다""면서 ""특히 취업의 문이 더욱 좁아져 어려움을 겪는 청년들에 대한 지원을 더욱 확대하겠다""고 했다. 주거 안정 또한 중차대한 민생 과제로 꼽았다. 문 대통령은 ""투기 수요 차단과 주택 공급 확대, 임차인 보호 강화라는 정부의 정책 기조를 유지하면서 추가적으로 대책 수립에 주저하지 않겠다""면서 ""무엇보다 혁신적이며 다양한 주택공급 방안을 신속하게 마련하는 데 역점을 두겠다""고 했다. 문 대통령은 새해를 맞아 ""코로나 이전 수준을 가장 빠르게 회복하고 경제 강국으로 도약하는 대한민국이 되도록 하겠다""고 했다. 그는 ""지난해 세계 경제의 극심한 침체 속에서도 한국 경제는 위기를 잘 극복하면서 희망을 만들어왔다""면서 ""OECD 국가 중에서 경제성장률 1위를 기록할 전망이고 수출반등세도 이어져 12월 수출액으로는 역대 최대치를 기록했다""고 했다. ""주가도 연일 최고치를 경신하며 주가 3000시대를 바라보는 등 우리 경제와 기업에 대한 시장의 평가 또한 역대 최고""라고도 했다. 그러면서 ""정부는 위기 속에서 더욱 강해진 우리 경제의 긍정적 변화를 최대한 살려나가겠다""며 ""특히 미래 신산업과 벤처기업육성에 매진하여 우리 경제의 미래 경쟁력과 역동성을 더욱 키워나가겠다""고 했다. 이어 ""한국판 뉴딜을 본격 추진하고 2050 탄소중립으로 가는 발걸음을 힘차게 내딛어 대한민국 대전환의 기틀을 다지는 한편, 저탄소 사회 구조로 바꾸는 문명사적 도전에도 당당히 나서겠다""고 했다. 문 대통령은 ""1인당 국민소득은 지난해 사상 처음으로 G7 국가를 넘어선 것으로 예측되고 있다""면서 ""방역과 경제의 동반 성공으로 세계의 모범을 만들고 한국의 우수한 문화역량이 세계의 자긍심이 되며 K브랜드가 세계적 브랜드가 되고 있는 것은 위기 속에서 국민이 주체가 되어 만들어내고 있는 위대한 업적""이라고 했다. 그러면서 ""지난해 우리는 위기 속에서 대한민국의 진면목을 재발견했다""며 ""그 자신감을 바탕으로 올해를 선도국가 도약의 해로 만들자""고 했다."
프레시안,2020.12.29.,"靑 ""文대통령-모더나 CEO, 2천만명분 백신 확보 계약""",서어리,"청와대가 코로나19 백신 개발 업체인 모더나로부터 2000만 명분의 백신을 확보했다고 밝혔다. 문재인 대통령은 지난 28일 밤 스테판 반셀 모더나 최고경영자와 27분간 화상 통화를 하고 2000만 명 분량인 4000만 도즈의 백신을 국내에 공급하기로 합의했다고 강민석 청와대 대변인이 29일 춘추관 브리핑을 통해 전했다. 4000만 도즈는 정부가 당초 협상을 추진하던 물량의 2배 규모다. 구매 가격 인하와 아울러 백신 공급 시기도 앞당기기로 했다. 강 대변인은 ""모더나는 당초 내년 3분기부터 물량을 공급하기로 했으나 2분기부터 하기로 했다""면서 ""공급 시기를 더 앞당기기 위한 추가적인 노력을 하기로 했다""고 했다. 문 대통령은 통화에서 반셀 CEO에게 ""모더나 백신이 거두고 있는 성공과 긴급사용승인을 축하하며 대한민국을 대표해 감사드린다""고 말했다. 이에 반셀 CEO는 ""우리 백신에 대한 높은 평가에 매우 감사드리며 조기 공급이 이뤄지도록 최선을 다하겠다""면서 ""한국 정부가 빠른 계약 체결을 원하면 연내에도 계약이 가능할 것""이라고 화답했다. 문 대통령은 ""호의적 말씀 감사하다""면서 ""가급적 연내에 계약 체결을 원한다""고 했다. 강 대변인은 아울러 ""우리 국립감염병연구소와 모더나가 펜데믹 공동 대응을 위해 백신 후보 물질의 임상실험 연구개발 MOU를 체결했다""면서 ""모더나 백신을 한국 기업이 위탁 생산하기 위한 협력을 강화하기로 했다""고 밝혔다. 강 대변인은 ""반셀 CEO는 새로운 바이러스가 출현할 경우라도 한국과 협력하면 코로나 백신 개발에 걸린 기간보다 단축할 수 있을 것이라고 전망했다""면서 ""한국 정부가 바이오 신약 개발을 중시하고 있고 한국 대기업이 강력한 생산 능력을 갖추고 있음을 잘 안다며, 생산 역량이 부족했는데 위탁 생산 시 대규모 생산 능력이 갖춰질 것이라고도 했다""고 전했다. 그러면서 ""문 대통령은 펜데믹 관련한 모더나의 제안을 환영한다며 신종 감염병이 발생할 경우 대량 생산을 통한 빠른 공급이 가능하도록 모더나와 국내 제약기업의 공동 연구를 통한 빠른 협력 체계 구축에 적극적인 지원을 아끼지 않겠다고 말했다""고 전했다. 강 대변인은 ""어제 문 대통령과 반셀 CEO의 합의에 따라 정부와 모더나는 우리 국민 2000만 명이 접종 가능한 백신 공급을 연내 체결할 계획""이라면서 ""현재 우리 정부가 계약 완료한 것은 3600만 명으로, 연내 계약 시 5600만 명분으로 늘어난다""고 했다. ""노바벡스, 화이자 등과 협상이 끝나면 물량은 더 늘어날 것""이라고 전망했다. 정부는 당초 얀센과 600만 명분, 아스트라제네카/화이자/코박스퍼실리티와는 각각 1000만 명분의 백신 공급을 계약하기로 했다. 이 총합이 3600만 명분이며, 여기에 모더나와 2000만 명분의 백신 계약을 새로 체결하게 되면 5600만 명분의 백신을 확보하게 된다는 설명이다. 청와대 핵심관계자는 이날 기자들과 만나 ""노바벡스, 화이자 등과도 추가 협상 있을 것""이라며 ""그렇게 되면 (백신 확보 물량이) 더 늘어날 것""이라고 밝혔다. 이어 모더나와의 계약에 관해서 "" 당초에는 연내 (계약이) 어려웠다""면서 ""실무 협상 과정에서 하루 이틀 지연될지 모르겠지만 수일 내 계약 체결 가능하도록 정부가 나설 예정""이라고 밝혔다."
프레시안,2020.12.28.,"文대통령 ""백신 지연 사실 아냐…2월부터 접종 시작""",서어리,"문재인 대통령이 코로나19 백신과 관련해 ""내년 2월부터 의료진, 노인요양시설 등의 집단수용자와 종사자 등 우선순위 대상자부터 접종 시작할 수 있을 것""이라고 밝혔다. 문 대통령은 28일 청와대에서 열린 수석·보좌관 회의에서 ""당초의 방침에 따라 차질 없이 진행하고 있다""면서 이같이 말했다. 문 대통령은 최근 공식석상에 나설 때마다 정부가 백신 확보에 만전을 기하고 있음을 강조하고 있다. 백신 확보 지연으로 인한 국민 불만을 잠재우기 위해 문 대통령이 나서서 직접 대응하는 모습이다. 문 대통령은 이날도 ""우리나라가 백신을 충분히 확보하지 못했다거나 접종이 늦어질 것이라는 염려가 일각에 있다""면서 ""사실이 아니""라고 적극 해명했다. 그는 ""이미 충분한 물량을 확보했고, 돌발 상황을 대비한 추가 물량 확보를 추진하고 있다""면서 ""백신 도입 시기를 더 앞당기는 노력도 기울이고 있으며 접종 준비도 철저히 하고 있다""고도 했다. 이어 ""코로나에 대응하는 정부의 가장 중요한 기본원칙은 투명한 정보의 공개""라면서 ""백신에 대해서도 마찬가지다. 백신 도입을 위한 협상과 계약 과정에서 지켜야 하는 보안 외에는 정부의 방침을 그때그때 밝혀왔고 그 방침대로 하나하나 실현되고 있는 것을 국민들께서 보고 계신다""라고 했다. 또 ""국산 백신 개발에 대한 지원도 소홀히 하지 않고 있다""면서 ""코로나 장기화에 대비해 백신 주권을 확립하는 차원에서도 꼭 필요한 일""이라고 했다. 아울러 치료제 개발에도 속도를 내고 있다면서 ""정부는 백신 개발에 있어서는 아직 세계 수준과 차이가 있지만 치료제는 뒤처지지 않을 것이라는 전망을 그동안 밝혀왔고 현재까지 차질 없이 진행되고 있다""면서 ""치료제 개발과 상용화에 빠르게 성공한다면 코로나 극복의 또 다른 길이 열릴 것""이라고 했다. 연말 방역과 관련해선 ""정부는 연말연시 강화된 특별방역대책을 빈틈 없이 시행하겠다""며 ""광범위하고 선제적인 진단검사와 역학조사. 격리치료를 더욱 강화하여 반드시 확산세를 꺾고 새로운 새해를 맞이하겠다""고 했다. 이어 K-방역에 대한 자부심을 나타냈다. 그는 ""전세계적으로 코로나 확진자 수가 8000만 명, 사망자 수가 170만 명이 넘는 가운데서도 우리는 상대적으로 잘 대응해왔다""며 ""덕분에 경제적 충격에서도 다른 나라들보다 훨씬 적은 충격으로 선방할 수 있었다""고 했다. 그러면서 ""험난한 시기를 꿋꿋이 견디며 위기 극복의 힘을 모으고 계신 국민 여러분께 깊은 위로와 격려의 말씀을 드린다""면서 ""국민의 삶을 책임지는 정부로서 경제와 국민의 일상을 빠르게 회복시키겠다""고 밝혔다."
프레시안,2020.12.27.,"청와대 ""2월부터 코로나19 백신 접종 시작한다""",서어리,"청와대가 내년 2월부터 코로나19 백신 접종을 시작한다고 밝혔다. 백신 확보 지연으로 문재인 대통령의 책임론이 불거지는 가운데, 청와대가 이날 구체적인 접종 시기를 직접 밝히면서 악화된 민심을 수습하려는 모양새다. 노영민 대통령 비서실장은 27일 국회에서 열린 고위 당정 협의회에서 ""우리 국민을 지키기 위해 충분한 물량을 이미 확보했다""며 ""내년 2월이면 의료진·고령자를 대상으로 접종이 시작될 것""이라고 말했다. 정부 고위 관계자가 국내 코로나19 백신 접종과 관련한 구체적인 시점을 밝힌 것은 이번이 처음이다. 노 실장은 ""세계 각국은 내년 2분기에 일반 국민을 대상으로 접종을 시작할 예정""이라며 ""우리도 비슷한 시기에 일반 국민을 대상으로 접종을 시작하게 될 것""이라고 밝혔다. 그러면서 ""집단면역 형성 시점도 외국과 비슷하거나 오히려 빠를 것""이라며 ""정부는 이 시기를 더욱 앞당기기 위해 총력을 기울이고 있고 성과도 내고 있다""고 설명했다. 문 대통령은 지난 22일 백신과 관련해 ""우리도 특별히 늦지 않게 할 수 있을 것""이라고 밝힌 바 있다. 다만 같은 자리에 참석한 정세균 총리는 백신 도입 시기에 대해 ""구체적인 시점은 각 제약사의 생산 역량에 큰 영향을 받기에 단정적으로 말하기 어렵다""면서 ""가능한 이른 시기에 도입되도록 추가적 협상을 진행 중""이라고 설명했다. 당정청은 이날 백신 외에도 코로나19와 관련해 경제 피해 지원책, 치료 및 격리시설 확보 방안 등에 대해 논의했다. 정 총리는 ""소상공인, 고용 취약계층을 대상으로 임대료 지원과 소득 보전 대책을 추진하겠다""며 ""코로나가 더 악화할 가능성도 염두에 두고 필요한 병상을 미리미리 준비하겠다""고 말했다. 이낙연 더불어민주당 대표는 ""피해 국민을 더 두텁게 돕기 위해 1월부터 집행할 재난피해지원금에 가용수단을 총동원하겠다""며 이어 ""임대료 지원도 법제화와 별도로 이번 피해지원금에 포함했으면 한다""고 했다. 이어 ""병상을 내주신 병원들에 대한 지원도 강구돼야 할 것""이라고 했다. 아울러 ""당은 제도적 검찰개혁을 꾸준히 추진하면서 새해 국정운영 중심을 코로나 극복과 민생 안정, 경제 회복에 둘 것""이라고 강조했다. 김태년 원내대표는 ""재정 당국은 전시상황이라는 비상한 인식을 갖고 과감한 재정 집행을 해달라""며 ""정부의 맞춤형 긴급피해지원금을 ‘3조원+α'에서 확대해줄 것을 요청한다""고 밝혔다."
프레시안,2020.12.23.,백신 확보 뒤처진 이유 묻지마? 靑·민주 '언론탓' 점입가경,서어리,"청와대가 백신 확보 지연 책임을 추궁하는 언론 보도에 이틀 연속 해명 자료를 내놓으면서 총력 방어에 나섰다. 그동안 이끌어온 'K-방역' 성과가 위기에 처한 데다, 백신 확보 지연으로 코로나19 정국이 장기화될 수도 있다는 비판이 커지자 이를 지적하는 언론에 책임을 묻는 모양새다. 강민석 청와대 대변인은 23일 기자들에게 문자 메시지를 보내 ""'백신TF에 청와대가 손 뗐다'는 보도는 사실이 아니""라고 밝혔다. 강 대변인은 ""지난 4월 24일 출범한 코로나19 치료제·백신 범정부위원회는 그동안 백신 개발과 도입을 논의하고 추진해왔다""면서 ""범정부위원회에는 청와대 사회수석이 계속 참여해왔다""고 했다. '컨트롤타워'인 청와대가 백신 확보를 등한시했다는 취지의 언론 보도를 반박한 것이다. 이날 <중앙일보>는 ""지난 6월 말 김상조 청와대 정책실장이 주도해 백신 태스크포스(TF)팀을 구성했는데, TF를 실무자들에게 떠넘겨 놓고 빠져버렸다""고 보도했다. ""아무도 책임을 지지 않는데 공무원들이 어떻게 수조 원이 들 수 있는 백신 계약을 할 수 있었겠냐""는 한 정부 고위관계자의 전언을 통해 백신 수급 지연 사태의 책임이 청와대에 있다는 점을 겨냥했다. 강 대변인은 전날에도 백신 관련 언론 보도에 대해 서면 브리핑을 내고 ""백신의 정치화를 중단해달라""면서 문재인 대통령과 청와대가 백신 수급에 손을 놓고 있었던 것처럼 왜곡하지 말라고 했다. 문 대통령도 ""요즘 백신 때문에 또 걱정들이 많은데 아마 백신에 있어서도 그동안 그 백신을 생산한 나라에서 많은 재정지원과 행정지원을 해서 이제 백신을 개발했기 때문에 그쪽 나라에서 먼저 접종이 되는 것은 그것은 어찌 보면 불가피한 일""이라고 했다. 백신 생산국이 아니기 때문에 백신 확보가 지연은 불가피하다는 게 문 대통령과 청와대가 내놓은 해명의 요지다. 그러나 이런 발언은 싱가포르, 뉴질랜드, 이스라엘 등 백신 생산에 참여하지 않은 국가들도 연내 접종이 가시화된 점을 충분히 설명하지 못한다. 청와대가 성과로 자랑하는 'K-방역'에도 불구하고 1일 신규확진자가 1000명 대를 넘어서는 수준으로 증폭돼 불안감이 높아진 데다 많은 국가들이 코로나19 전쟁의 '게임 체인저'로 주목받는 백신 접종 단계에 돌입한 것으로 확인되면서 청와대의 해명은 설득력은 더욱 빈약해졌다. 정세균 국무총리가 ""정부가 백신 도입 논의를 시작할 당시 확진자 수가 적었기 때문에 백신 의존도를 높일 생각을 하지 않았다""고 백신 도입에 관한 정부의 오판을 일부 시인한 점과도 온도차가 있다. 이런 상황에서 정부의 백신 확보 전략이 어떻게 진행됐는지, 아스트라제네카 외 다른 백신 제약업체와의 계약 협상은 어느 수준까지 왔는지, 정확한 접종 시기는 언제부터인지 등에 국민적 관심이 쏠렸는데도 이에 대한 정확한 해명과 설명보다 언론과 야당의 '정부 흠집내기용' 정치화로 몰아세우는 청와대의 대응은 오히려 비판을 키우는 형국이다. 집권당인 더불어민주당은 한 술 더 떠 언론을 향해 연일 날을 세우고 있다. 이날 이낙연 민주당 대표는 야당과 언론을 향해 ""근거 없는 괴담과 왜곡된 통계를 동원해 국민 불안을 조장하고 있다""며 ""이는 1년 가까이 사투하는 방역 당국과 의료진을 허탈케 하고 연구자들의 사기를 꺾을 것""이라고 했다. 그러면서 ""코로나 극복의 혼란을 초래해 결국 국민의 생명을 위협할 것""이라며 ""터무니없는 공포를 조장하는 보도에 단호히 대처하겠다""고 엄포를 놨다."
프레시안,2020.12.22.,"靑 ""백신의 정치화 중단해달라""",서어리,"청와대가 ""'백신의 정치화'를 중단해 주시길 간곡히 호소한다""고 밝혔다. 코로나19 백신 도입이 늦어지는 데 대한 국민 우려가 커지는 가운데, 백신과 관련한 문재인 대통령과 정부의 대처 미흡을 비판하는 언론을 겨냥한 것. 강민석 청와대 대변인은 22일 서면 브리핑을 통해 ""문 대통령이 마치 백신 확보에 손을 놓고 있었던 것처럼 과장·왜곡하면서 국민의 불신을 증폭시키고 있다""면서 이같이 밝혔다. 앞서 이날 <조선일보>는 문 대통령이 21일 ""그간 백신 확보에 적극적으로 나서라는 지시를 몇 번이나 했는데, 여태 진척이 없다가 이런 상황까지 만들었느냐""는 취지로 참모들을 질책했다고 보도했다. 같은 날 <중앙일보>는 이종구 전 질병관리본부장이 지난 2월과 6일에 걸쳐 문 대통령에게 백신과 치료제의 중요성을 직언했으나 받아들여지지 않았다고 보도하며 오판을 지적했다. 강 대변인은 이에 ""'문재인 대통령에 백신 직언 두 번, 소용 없었다'거나 '뒤늦게 참모진을 질책했다'는 일부 언론보도가 나오자 야당 인사들이 '유체이탈' 운운하고 있다""면서, 그간 공개되지 않은 문 대통령의 백신 관련 메시지 12가지를 ""최소한으로 정리한 것""이라면서 전했다. 강 대변인은 문 대통령이 지난 4월 9일 한국파스퇴르 연구소를 방문해 ""치료제와 백신 개발, 확실히 돕겠다""고 다짐한 사실, 4월 10일 빌게이츠 이사장(빌&멜린다 게이츠 재단)과 전화통화에서 코로나19 백신 및 치료제 개발협력을 확대하기로 한 점 등을 언급했다. 또 문 대통령 지시로 코로나 치료제 백신 개발 범정부 지원단 구성이 발표되고, 4월 14일 국무회의석상에서 ""백신과 치료제 개발에 속도 내 바이오 의약 수준을 높이는 계기로 삼아야 한다""고 말한 점도 사례로 들었다. 이어 비교적 최근인 지난 달에도 ""백신 안전성에 대한 문제 제기는 우리가 배송 취급과정에서 부주의가 있지 않는 한 과학과 의학에 기반해야 한다. 최선을 다해서 확보하라""(24일), ""과하다고 할 정도로 물량을 확보하라. 대강대강 생각하지 마라""(30일)고 말했다고 전했다. 강 대변인은 최근 정부가 4400만 명분의 백신을 확보한 점을 언급하며 ""백신 접종 시기도 최선을 다해 앞당길 계획""이면서 ""추가 물량 확보와 접종 시기 단축을 위해 모든 역량을 기울이고 있다""고 강조했다."
프레시안,2020.12.22.,"권덕철 ""백신 구매 공무원 면책할 법적 근거 마련돼야""",박정연,"권덕철 보건복지부 장관 후보자 인사청문회에서는 코로나19 백신 확보에 대한 여야의 날 선 공방이 벌어졌다. 코로나19 방역이 실패했다는 야당의 질타가 이어지자 권 후보자는 ""외국에 비해서 잘하고 있다고 평가한다"", ""백신 구입·확보 소홀하지 않았다""며 적극 반박했다. '백신이 먼저다'란 손피켓을 붙이고 22일 국회 보건복지위원회가 실시한 인사청문회에 참석한 국민의힘 의원들은 정부의 코로나19 백신 확보 실패론을 내세워 정부의 책임을 집중적으로 추궁했고, 권 후보자와 민주당은 오히려 야당이 불안감을 조성한다고 반박하며 'K방역'의 성과를 강조했다. 김성주 더불어민주당 의원이 ""K방역에 실패했다고 야당 의원이 강요하는데 어떻게 생각하나""고 묻자, ""확진자 수, 중증 환자 사망률 등 복합적 지표로 판단해야 한다""고 답했다. 권 후보자는 ""내년 11월 독감이 유행하기 전에 순차적으로 면역 체계를 형성하면 된다""며 ""지금은 방역 조치에 우선하는 게 맞다""고 야당의 백신 늑장 확보 지적에도 선을 그었다. 이어 ""우리나라도 코로나19의 다음 유행을 막기 위해 백신을 구입하는 것이기 때문에 순차적으로 하면 다음 유행을 막을 수 있다""고 했다. 또, ""우리나라는 전 세계적 코로나19 상황에도 경제 성장 측면에서 양호한 편이라는 평가를 받는다. 특히 보건산업 분야에서 많은 성장을 했다""고 적극 방어했다. ▲권덕철 보건복지부 장관 후보자가 22일 국회 보건복지위원회에서 열린 인사청문회에서 답변하고 있다. ⓒ연합뉴스 국민의힘 간사인 강기윤 의원은 ""대통령이 백신 구매 실패에 대한 부분을 질타했다는 보도가 있고 국무총리도 백신 구매 활동에 치중하지 못했다고 했는데 K방역이 우수한 성과를 거뒀다는 후보자의 발언은 적절하지 않다""고 지적했다. 같은 당 김미애 의원도 ""정부는 최대 4400만 명분 코로나 백신을 확보했다고 하는데, 언제 배송이 완료되고 접종할 수 있는지는 명확히 말하지 않고 있다""고 지적했다. 또, ""코로나 검사율이 현저히 낮기 때문에 무증상자 등이 늘어나고 있다. 누가 감염된지 모른 채 계속 전파하는 위험이 있다""며 ""자가진단키트의 신속한 도입과 사용이 필요하다""고 강조했다. 권 후보자는 구매 협상이 미진했다는 지적에 대해 ""백신은 내년을 대비하는 것이기 때문에 백신을 구입하고 확보하는 데 소홀하지 않았다""고 반박했다. 그러면서 ""백신 구매는 공무원들은 나중에 일이 끝나고 나면 감사원 감사로 인해서 여러 가지 불이익을 받을 수 있다""며 ""(백신) 구매시 면책을 할 수 있는, 그래서 그런 두려움 없이 구매할 수 있도록 하는 여건을 만들어 주는 것이 중요하다. 법적으로 근거가 마련되면 좋겠다""고 말했다. 접종 시기가 정확하지 않다는 지적에 대해서는 ""내년 2, 3월부터 접종이 가능할 것""이라며 ""접종에 필요한 여러 가이드라인을 만들어서 긴급사용승인이 떨어지면 바로 접종에 들어갈 수 있도록 최대한 노력하겠다""고 답했다. 코로나 검사율이 낮아 확진자가 적다는 의견에는 ""검사율이 낮은 것은 그만큼 발생을 할 경우 역학조사를 통해 추적하고 격리를 하고 있다""며 ""일부 국가에서는 한국의 진단·추적·역학조사가 인권 침해 요소라고 할 정도로 한국은 확진자를 분리하고 치료하는 K방역에서 높게 평가되고 있다""고 반박했다. 신속진단키트를 통한 전 국민 자가진단 도입 주장에 대해서는 ""자가진단을 할 수 있을 정도의 신속진단키트가 시장에 나와 있지 않다. 허가 돼 있지 않다""며 ""(신속진단키트의) 필요성은 인정되는데, 어떤 대상과 어떤 곳에서 할 수 있을 지 정부 내에서 검토하도록 하겠다""고 전했다. 한편, 권 후보자는 의사 국시 재시험 가능성을 시사하기도 했다. 그는 ""의사 국시 문제도 의료 공백이 발생하지 않도록 추진해야 한다""며 ""여전히 반대가 많기 때문에 국민께 양해를 먼저 구하면서 국회와 상의하겠다""고 말했다. 의대생 본과 4학년들은 의대정원 확대 등 정부의 보건의료정책에 반발해 지난 8월 의사국시를 집단으로 거부한 바 있다. 갈등을 빚던 정부와 의료계가 9월 4일 의정협의체 구성에 합의하고, 정부가 두 차례에 걸쳐 의대생에게 시험 재접수의 기회를 부여했으나 대상자 3172명 중 13%인 423명만 시험에 응시했다."
프레시안,2020.12.22.,"文대통령 ""백신 개발국 먼저 접종은 불가피…우리도 늦지 않을 것""",서어리,"문재인 대통령이 코로나19 백신과 관련해 ""우리도 특별히 늦지 않게 국민들께 접종할 수 있을 것""이라고 말했다. 문 대통령은 22일 오전 청와대에서 열린 5부요인 초청 간담회에서 이같이 말하며 ""준비를 잘 하고 있다""고 했다. 이날 자리는 문 대통령이 5부 요인들과 코로나 사태 극복 방안을 논의하고, 국정 현안 전반에 대한 의견도 교환하기 위해 마련됐다. 문 대통령은 ""요즘 백신 때문에 걱정들이 많은데 백신을 생산하는 나라에서 많은 지원과 행정 지원을 해서 백신을 개발했기 때문에 그쪽 나라에서 먼저 접종되는 것은 어찌 보면 불가피한 일""이라고 했다. 이와 관련해 문 대통령은 코로나19 백신 확보가 늦어지면서 국민 사이에 위기감이 높아지자, 21일 청와대 내부 회의 과정에서 참모진을 문책한 것으로 알려졌다. 문 대통령은 그러면서도 여전히 정부 방역에 대해 성공적이라고 평가했다. 그는 ""다행스럽게도 방역에 있어서는 지금까지 아주 모범 국가로 불릴 정도로 잘 대응을 해왔다""고 했다. 그러면서 ""경제 부분에서도 좀 다행스럽게 올해 코로나 때문에 마이너스 성장은 불가피하지만 그러나 마이너스 성장의 폭이 가장 적어서 OECD 37개 회원국 가운데서는 올해 성장률 1위를 기록을 하고 있고, 내년도까지 합치면, 말하자면 코로나 위기 이전으로 돌아갈 수 있는 아주 드문 나라 중 하나인 것으로 그렇게 전망이 되고 있다""고 했다. 이어 ""거시경제 그리고 경기 면에서는 그렇게 점차 회복되어간다 하더라도 이번에 어려움을 겪었던 소상공인이나 자영업자들, 이분들의 어려움의 후유증은 아주 오래 갈 것이라고 예상이 되고 또 고용은 경기가 회복되고 난 이후에도 아주 서서히 뒤따라서 회복이 되는 법이기 때문에 일자리의 어려움도 오랫동안 지속되리라고 생각이 된다""고 했다. 문 대통령은 ""그것이 가장 마음이 무거운 일인데 그런 취약계층들의 어려운 삶 그리고 또 고용, 이것을 회복시켜 나가는 데에도 총력을 다 기울이겠다""고 했다. 검찰개혁을 둘러싼 검찰과 법무부 간 갈등도 언급했다. 문 대통령은 ""권력기관 개혁 문제로 갈등이 많다""면서 ""헌법 정신에 입각한 견제와 균형의 민주주의가 더 성숙하게 발전할 수 있는 좋은 계기가 되리라고 생각한다""고 했다. 이어 ""그러나 당장은 그로 인한 갈등들이 있고, 그것을 또 우리의 완전한 제도로 정착시키면서 발전시켜나가야 되는 그런 과제들도 여전히 남아있다""면서 ""그 점에 대해서도 헌법기관장님들께서 각별히 관심을 가지고 힘을 모아주시기를 바라겠다""고 했다. 외교 분야와 관련해선 ""1월에 미국에서 바이든 새 행정부가 들어서게 되는데 과도기이기 때문에 북미대화, 남북대화 모두가 특히 정체 상태에 있다""면서 ""상황이 더 나빠지지 않도록 관리 해나가고 있고 바이든 행정부 출범 때까지 특별히 돌발상황이 발생하지 않는다면 새 행정부 출범 계기로 북미대화나 남북대화가 다시 추진력을 가질 수 있는 발전할 수 있는 계기가 있지 않을까 기대한다""고 했다. 이어 ""내년 되면 정부 출범 5년차가 되는 해""라면서 ""한국판 뉴딜 그다음에 또 2050 탄소중립, 이런 새로운 대한민국 경제를 대전환시키는 그런 새로운 과제의 착수를 했기 때문에 남은 기간 동안 그런 과제들을 제대로 정착시키고 추진해 나가야 되는 그렇게 해서 그것이 앞으로 미래에서도 계속해서 성공적으로 추진되도록 우리가 그 토대를 마련해야 되는 과제도 있다""며 협력을 당부했다. 박병석 ""개혁입법 뜻 깊어""...김명수·유남석은 검찰 언급 無 문 대통령이 5부 요인을 소집한 이날 오후에는 윤석열 검찰총장이 법원에 제기한 정직 2개월 처분 집행정지 신청 재판이 예정돼있다. 윤 총장은 ""대통령을 상대로 한 소송은 아니""라고 밝혔으나, 여권은 ""대통령에 대한 항명""이라며 공세를 이어가는 상황이다. 이러한 가운데 열린 오전 간담회에서 박병석 국회의장과 정세균 국무총리는 직간접적으로 검찰개혁을 언급했다. 그러나 김명수 대법원장과 유남석 헌법재판소장, 노정희 중앙선거관리위원장은 이 문제와 관련해 침묵을 지켰다. 박 의장은 ""국회 출범한 뒤 6개월여 됐는데 여러 가지 의미 있는 진전이 있었다""면서 ""특히 의미 있는 것은 검찰, 국정원, 경찰 등 개혁입법을 통과시켰다는 것이 매우 뜻 깊다고 생각한다""고 했다. 정 총리도 ""금년에 의장님께서는 입법에 큰 성과를 내셨고 특히 정부가 추진하는 많은 법안이 통과되었다. 감사하게 생각한다""면서, ""최근에 확진자 숫자가 급격하게 증가해서 방역을 책임지고 있는 중대본부장으로서 참 송구한 마음을 갖는다""고 했다. 김 원장은 코로나19로 인한 사회 취약계층의 어려움을 언급하면서 ""사법 접근권의 보장이라는 면에 있어서도 그런 분들이 코로나의 어려운 상황에서도 법원을 쉽게 이용할 수 있도록 사법접근센터라든지 우선지원창구 같은 것도 특히 관심 가지고 내년에는 점검할 생각을 갖고 있다""고 했다. 유 소장은 ""정부의 적극적인 대응 조치하고 국민들의 협조로 K-방역이 국제적으로 찬사를 받을 만큼 코로나19에 아주 효과적으로 대응해왔다고 자부할만하지 않을까 생각한다""며 ""방역당국을 비롯한 관계자 여러분께 깊은 감사의 말씀을 드린다""고 했다. 노 위원장은 ""지난 선거 이후에 지난 선거에서 나타난 문제점을 살펴서 선거 과정의 투명성을 강화하고 유권자 선거 편의를 높일 수 있는 개선방안을 마련하는 데 힘쓰고 있다""면서 ""앞으로도 위원회 구성원들은 위원회의 헌법적 책무를 명심하고 더욱 엄정하고 중립적인 자세로 국민을 위한 봉사자로서의 역할을 다하기 위해 최선을 다할 것""이라고 말했다."
프레시안,2020.12.21.,"文대통령 ""R&D 예산 역대 최대…치료제·백신 개발 투입될 것""",서어리,"문재인 대통령이 내년도 연구개발(R&D;) 예산을 역대 최대 규모로 편성했다고 밝히며, 코로나19 치료제와 백신 개발을 독려했다. 문 대통령은 21일 오후 청와대에서 제3차 국가기술자문회의 전원회의를 열고 ""내년 R&D; 예산은 27조4000억 원으로 역대 최대 규모""라면서 ""과학기술에 대한 정부의 강력한 의지와 미래를 위한 국민의 염원을 담은 것""이라고 했다. 그는 ""(과학기술 예산이) 치료제와 백신 개발에 투입되어 코로나 극복의 마중물 역할을 할 것이며, 디지털 뉴딜과 그린 뉴딜, 소재·부품·장비의 자립을 통해 혁신성장을 튼튼하게 뒷받침할 것""이라고 밝혔다. 문 대통령은 ""코로나 확산을 막는 데 바이오와 디지털 기술이 큰 역할을 했고 K-방역이 성과를 낼 수 있었다""면서 ""과학기술이 국력의 토대가 되고 있고, 위기가 닥칠 때마다 우리 과학기술인들이 열정을 다하고 있다는 것을 느낄 수 있어서 정말 자랑스럽다""고 했다. 이어 ""지금 이 시간에도 치료제와 백신 개발에 최선을 다해주고 계신 과학기술인들을 국민과 함께 응원한다""고 말했다. 그는 ""내년은 우리 과학기술계에 매우 뜻 깊은 해가 될 것""이라면서 ""정부와 민간을 합쳐 R&D; 100조 시대를 열게 된다""고 했다. 규모 면에서 세계에서 다섯 번째, GDP 대비 투자 비중으로는 세계 선두권이라는 설명이다. 문 대통령은 ""갈수록 커지고 있는 '과학입국'의 원대한 꿈이 R&D; 투자에 담겨있다""면서 ""선도국가가 되고자 하는 야망이라고 해도 좋다""고 했다. ""이제 우리는 국가 R&D; 재원 중 민간 비중이 78%에 달할 정도로 기업과 대학, 연구소의 혁신역량이 크게 높아졌다""고도 했다. 이어 ""우리나라는 미국, EU 등 7개국과 함께 인류가 한 번도 만들어 본 적 없는 국제핵융합실험로(ITER) 개발에서 핵심 역할을 하고 있다""면서 ""세계 최초의 환경관측용 정지궤도 위성인 천리안위성 2B호를 우주에 띄워 동아시아의 대기를 관측하고 있다. 세계에서 가장 빠른 초고속 전자카메라를 개발해 자연을 더 깊게 들여다보는 새로운 눈을 가지게 되었다""고 했다. 문 대통령은 ""우리는 과학기술에서 세계를 선도하고, 제품을 넘어 기술을 수출하는 강국이 되어야 한다""면서 △민간의 연구개발 투자 증진, △안전한 삶을 실현하는 기술 발전, △탄소중립 사회를 위한 정밀한 전략 등을 촉구했다. 그는 ""시장에서 혁신이 일어날 수 있도록 과감하게 규제를 걷어내고, 혁신의 주체들에게 힘을 실어주어야 한다""면서 ""규제 샌드박스, 규제 자유특구 등 규제 혁신의 속도를 높이고, 조세 감면, 공공조달 확대 같은 지원이 더해져야 할 것""이라고 강조했다. 이어 ""기후변화, 감염병, 미세먼지, 폐플라스틱, 해양쓰레기 같은 국민의 삶과 밀접한 분야에 정부와 과학계가 더 큰 관심을 가져주시기 바란다""면서 ""탄소중립의 로드맵을 만들고 발전시켜가는 일에도 지혜를 모아주시기 바란다""고 말했다."
프레시안,2020.12.09.,"文대통령 ""터널 끝이 보인다…백신 접종 앞당겨 달라""",서어리,"문재인 대통령이 ""드디어 백신과 치료제로 (코로나19 사태의) 긴 터널의 끝이 보인다""면서 ""정부는 4400만 명분의 백신 물량을 확보했고, 내년 2~3월이면 초기 물량이 들어와 접종을 시작할 수 있게 될 것""이라고 말했다. 문 대통령은 9일 화상으로 열린 코로나19 수도권 방역상황 긴급 점검 회의에서 ""백신 4400만 명분은 우리 국민의 집단면역에 충분한 양""이라면서 이같이 말했다. 그는 방역 당국에 ""백신 물량을 추가 확보하여 여유분을 가질 수 있도록 계속 노력해 주기 바란다""면서 ""재정적인 부담이 추가되더라도 국민의 안전과 생명을 최우선으로 고려해 주기 바란다""고 했다. 문 대통령은 ""백신 접종은 안전성이 충분히 확인되어야 할 것""이라면서 ""그러나 우리나라에 백신이 들어올 때까지 외국에서 많은 접종 사례들이 축적될 것""이라고 했다. 그러면서 ""그 효과와 부작용 등을 충분히 모니터링하여, 우리나라에 백신이 들어오는 대로 신속히 접종이 시작될 수 있도록 접종계획을 앞당겨 준비해 주시기 바란다""고 했다. 이어 ""백신의 종류와 가격, 도입 시기 등이 차이가 있기 때문에, 우선순위에 따라 가급적 많은 국민들이 백신을 무료 또는 저렴한 가격으로 공평하게 접종할 수 있도록 접종계획을 잘 세워 주기 바란다""고 했다. 치료제 개발 상황에 대해선 ""국내 기업들의 치료제 개발에 빠른 진전이 있어 이르면 올 연말, 늦어도 내년 초에는 가시적 성과가 있을 것으로 기대하고 있다""고 했다. 이어 ""계획대로 차질없이 진행될 경우 우리는 백신 이전에 치료제부터 먼저 사용할 수 있을 것이라는 기대를 가지고 있다""며, ""대한민국이 치료제 개발에서 선도국가가 될 수 있고, 빠른 상용화도 가능할 것이라는 희망이 커지고 있다""고 했다. 문 대통령은 이날 확진자 수 686명을 언급하며 ""2월 말 이후 최다이며 역대 두 번째를 기록했다""며 ""이 숫자가 더 늘지 않도록, 또한 거리두기 단계를 더 높이지 않고 상황을 진정시켜 나갈 수 있도록 정부와 특히 수도권 지자체가 합심하여 총력을 기울여야 하겠다""고 당부했다. 그는 ""'역학조사, 진단검사, 격리 또는 치료'로 이어지는 삼박자의 속도를 최대한 높이는 것이 무엇보다 중요하다""면서 ""역학조사 역량 강화를 위해 이미 계획된 군·경·공무원 투입뿐 아니라 공중보건의의 투입 확대도 함께 검토해 주기 바란다""고 했다. 이어 ""진단검사의 속도를 높이기 위해 타액 검사 방법을 확대하고, 필요한 경우 정확도가 크게 높아진 신속항원검사의 활용도 적극 검토해 주기 바란다""고 했다. 또 ""선별진료소의 운영 시간을 야간과 휴일까지 확대하고 드라이브 스루와 워크 스루 검사 방식도 대대적으로 늘려 직장인과 젊은이들이 언제 어디서든 검사를 받을 수 있도록 하는 한편, 의료진이 방호복을 입지 않고도 검사할 수 있도록 하여 수고를 덜어 주기 바란다""고 했다. 아울러 ""중환자 병상과 생활치료센터 등도 빠르게 확충하여 확진자가 즉시 필요한 격리 치료를 받을 수 있도록 하고, 부득이 집에서 대기하는 그 시간 동안에도 홈케어 시스템에 의해 치료와 관리가 충분히 이뤄질 수 있도록 조치를 서둘러 주기 바란다""고 했다. 문 대통령은 ""정부는 지자체와 함께 단기간에 모든 역량을 집중하여 코로나 확산세를 빠르게 진정시키는 데 총력을 다하겠다""며 ""국민들께서는 백신과 치료제의 희망을 보며, 정부와 지자체의 방역 역량을 믿고, 방역 수칙을 철저히 지키며 조금만 더 힘을 내주시기 바란다""고 밝혔다."
프레시안,2020.12.08.,"이인영 ""1월 이후 북한과 코로나 백신 협력 기대""",이재호,"이인영 통일부 장관이 북한에 코로나19(신종 코로나바이러스 감염증) 백신을 나눌 수 있다고 밝힌 데 대해 북한의 공식적인 반응이 나오지 않은 가운데, 이 장관은 내년 1월로 예정된 북한의 8차 당 대회 이후에 남북 간 소통의 가능성이 있다고 전망했다. 8일 CBS <김현정의 뉴스쇼>에 출연한 이 장관은 코로나 19 백신과 관련해 남북 간 교감이 있냐는 질문에 ""직접적인 반응은 없다. (북한의) 80일 전투가 완료되고 내년 1월 8차 당대회에서 총 노선을 정리할 때까지는 소통이나 교류 등은 기대할 수 없는데, 우리 의사는 분명히 확인했을 거라고 생각하고 1월 이후에는 그런 가능성들이 열리지 않을까 기대한다""고 답했다. 이 장관은 백신 확보가 아직 명확하지 않은 상황에서 북한부터 챙기는 것이 바람직하냐는 의견에 대해서는 ""우리 스스로를 지키는 길이기도 하다는 측면에서 말씀드린 것""이라며 ""우리 국민에 필요한 백신은 정부가 책임지고 확보할 것이고, 치료제 및 진단키트와 관련해서는 일정한 부분에서 여력이 있을 것이라고 판단하고 있다""고 밝혔다. 그는 남한에서 사용할 백신 분량을 먼저 확보하고 북한에 지원할 수량을 별도로 챙기겠다는 것이냐는 질문에 ""아직 그렇게 분명한 말씀을 드릴 수는 없다. 백신은 우선 우리 쓸 것을 확보하는 것이 더 급한데, 치료제와 진단키트는 여력이 있어 보인다""며 ""이런 측면에서 코로나19 방역 (남북) 협력으로 들어갈 수 있다고 보고 백신과 관련한 문제는 추후 과정에서 좀 더 구체적으로 그 방안을 찾아봐야 되지 않을까 생각한다""고 설명했다. 그러나 북한은 이 장관의 백신 지원 관련 발언 이후인 지난달 19일 당 기관지인 <노동신문>을 통해 ""없어도 살 수 있는 물자 때문에 국경 밖을 넘보다가 자식들을 죽이겠는가""라며 외부 지원을 받지 않겠다는 의사를 표한 바 있다. 사실상 거부 의사를 밝힌 것으로 보이지만, 이 장관은 ""(남한 측의) 코로나19 협력의사에 대한 즉각적인 반응이라고 보기는 어렵다""고 해석했다. 조 바이든 미국 신임 대통령이 도널드 트럼프 대통령과 마찬가지로 김정은 국무위원장과 만날 수 있을 것이라고 보느냐는 질문에 이 장관은 ""장담할 수 있는 문제는 아니지만 불가능하다고 생각하지는 않는다""며 ""그런 꿈을 가지고 국민들의 마음도 모으고 남북미 관계를 발전시켜가는 노력을 함께하면 되지 않을까 싶다""고 말했다. 한편 차기 대선 주자 중에 이 장관의 이름이 오르내리고 있다는 질문에 그는 ""내년에는 정당 정치인 출신으로서 정권 재창출과 관련해 매우 중요한 시점이고 그런 것과 관련해서 저를 던져서 해야 할 일이 있다면 그거는 또 그런 대로 해야 되지 않을까 생각한다""면서 ""그런데 지금은 제가 할 일은 남북관계를 푸는 것""이라고 답했다. 이 장관은 정권 창출에 필요한 부분이 있다면 자신을 던질 각오가 돼있다는 뜻이냐는 질문에 ""정권 재창출을 위해 저를 던지는 일이 없기를 바란다""며 ""남북관계를 풀고 한반도 평화를 확고하게 만드는 데 저의 소명이 다 있었으면 좋겠다""고 밝혔다."
프레시안,2020.11.30.,"민주당 ""백신 예산 증액""… 1조3천억원 규모 가닥",박정연,"이낙연 더불어민주당 대표는 코로나19 대책으로 내년도 예산안에 백신 확보를 위한 예산을 증액 방침을 밝혔다. 그는 ""국내 기업들의 치료제 연내 개발노력과 함께 백신 도입물량을 늘리도록 내년 예산에 증액 반영하기로 했다""고 했다. 이 대표는 30일 국회에서 열린 당 최고위원회의에 화상으로 참여해 ""코로나19 치료제 개발과 백신확보가 더 시급해졌다""며 이같이 밝혔다. 민주당은 백신 추가 물량 확보 예산 1조 3000억원과 3차 재난지원금 예산인 3조6000억 원을 더해 약 4조9000억 원의 증액이 불가피하다는 입장이다. 4400만 명 분의 백신 확보 예산을 반영하겠다는 것이다. 이 대표는 또 ""민생과 미래를 위한 예산심의, 법안처리를 이제 매듭지어야겠다. 예산안을 법정시한인 수요일까지 처리해야 하는 것은 당연하다""며 ""예산의 주요 쟁점에 대한 당정의 최종 입장이 조정됐으니 막판 심의에 속도를 낼 수 있을 것""이라고 밝혔다. 그러면서 ""법안처리에도 속도를 내야 한다""며 ""각 상임위는 공수처법 개정안을 비롯한 계류 법안을 이번주부터 차질없이 처리해주기 바란다. 국정원법, 경찰청법 등 권력기관 개혁법안이 잇따라 처리되리라 기대한다""고 강조했다. 김태년 원내대표도 ""정부가 예산안을 제출한 9월 초까진 백신개발이 불투명해 정부가 편성한 예산은 3000만 명 분의 예방백신 접종 물량""이라며 ""지금은 국내외에서 백신 개발 소식이 있는 만큼 백신 확보를 위한 예산 증액이 불가피하다""고 힘을 더했다. 이어 ""민주당은 백신을 최대한 확보하고 백신, 치료제 개발 속도를 높이는 데 필요한 만큼 본예산을 증액해야 한다는 입장""이라며 ""코로나19 3차 유행으로 인한 맞춤형 민생지원금도 설 전에 지급할 수 있도록 본예산에 반영하겠다""고 말했다. 그러면서 ""민주당은 헌법 54조 2항에 따라 12월 2일까지는 무슨일이 있어도 예산안 처리를 완료하겠다""며 ""국민의힘은 한국판뉴딜 예산 삭감 주장을 철회하고 법정시한 내 예산안 처리에 협조해주길 다시 당부한다""고 강조했다. 민주당은 추가 적자 국채 발행으로 예산을 증액해야 한다는 입장이지만, 국민의힘은 '한국판 뉴딜' 예산을 깎아 재원을 조달해야 한다며 맞서고 있어, 내달 2일까지 여야가 예산안을 처리할 수 있을지는 불투명하다."
프레시안,2020.11.29.,"與, 백신 공급물량 대폭 상향…4400만명 접종한다",연합뉴스,"더불어민주당이 4천400만명분의 신종 코로나바이러스 감염증(코로나19) 백신을 확보하기로 했다. 당초 목표치에서 대폭 상향조정된 수치다. 이를 위해 내년도 본예산에 1조3천억원을 추가 편성하는 방안이 추진된다. 핵심 관계자는 29일 통화에서 ""안전한 백신이 개발됐다고 하면 국민 누구나 맞고 싶을 것 아니냐""며 이같이 말했다. 4천400만명은 인구주택총조사 기준 우리나라 총인구(5177만명)의 약 85%에 이른다. 최근 박능후 보건복지부 장관이 협상 중인 백신 물량으로 언급한 3천만명분보다도 크게 늘어난 것이다. 당초 코로나19 백신 관련 예산은 백신이 선정되지 않았다는 이유로 정부안에는 반영되지 않았으나 이후 국내외 백신 개발에 속도가 붙자 정기국회 내 예산심사로 이어지게 됐다. 민주당은 야권의 요구와 맞물려 3차 재난지원금을 추경이 아닌 내년도 본예산에 편성하는 쪽으로 선회했고, 결국 별도로 백신 예산을 본예산에 반영하는 것으로 가닥이 잡힌 것이다. 민주당 관계자는 ""대부분 국민이 백신을 맞을 수 있도록 하는 것도 코로나 대응으로 긴급히 필요하다""며 ""추경에 편성했다면 당연히 들어갈 항목이므로 이번 본예산에 재난지원 방안으로 담기는 것이 맞다""고 말했다. 1조3천억원의 백신 예산과 3차 재난지원금을 더하면, 재난 지원 관련 예산 추진액은 총 5조원 안팎에 이를 것으로 보인다. 당 관계자는 ""야당이 (재난지원금으로) 3조6천억원을 제안했는데, 여당이 그보다 아래로 하기는 어렵지 않겠느냐""고 말했다."
프레시안,2020.11.22.,"文대통령 ""코로나19 백신·치료제 공평한 보급"" 강조",서어리,"문재인 대통령이 코로나19와 관련해 세계 경제의 불확실성을 지적하며 국제사회의 연대와 협력을 강조했다. 문 대통령은 22일 열린 주요20개국(G20) 화상 정상회의 1세션에서 전 세계가 보건과 경제 위기 극복에 함께 노력하고 있다면서 이같이 말했다. 사우디아라비아가 의장국인 이번 G20 정상회의의 주제는 '모두를 위한 21세기 기회 실현'으로, 코로나19 방역과 경제･금융 대응 방안에 대해 논의한다. 문 대통령은 1세션 선도 발언을 통해 코로나19 백신 협력 체계인 'ACT-A' 출범, 확장적 재정 정책 단행, 저소득국 채무상환 유예 등의 공동 대응 조치가 세계 경제 회복의 발판이 됐다고 평가했다. 문 대통령은 한국의 코로나19 위기 극복 경과에 대해 방역과 일상의 공존 속에 국경과 지역 봉쇄 조치 없이도 무역과 투자의 흐름을 이어가며 코로나19 극복과 경제 회복에 최선을 다한 결과 제조업이 살아나고, 수출이 다시 증가해 3분기 국내총생산(GDP) 성장률이 플러스로 전환됐다고 했다. 여전히 세계 경제가 불확실하다는 점을 언급하며 국제사회의 연대와 협력이 중요하다고 강조했다. 그러면서 20 정상선언문에 G20 무역·투자 코로나 대응 행동계획과 기업인 등 필수 인력의 국경 간 이동 원활화 방안 모색에 합의한 데 대해 높이 평가했다. 문 대통령은 코로나19 백신 및 치료제 개발과 공평한 보급의 중요성을 강조하면서 세계보건기구와 국제백신연구소 등 국제기구 역할도 지지했다. 그러면서 개도국 백신 보급에도 긴밀히 협력할 것을 약속했다. 아울러 세계무역기구(WTO) 등 다자주의 복원과 공정하고 안정적인 무역·투자 환경 조성을 촉구했다. ▲문재인 대통령이 지난 21일 오후 청와대에서 주요 20개국(G20) 정상회의에 참석, 발언하고 있다. ⓒ연합뉴스 1세션에 이어진 부대행사에서도 문 대통령은 한국의 코로나19 방역 경험을 각국 정상들에게 공유했다. 문 대통령은 ""한국은 코로나 발생 초기, 확진자가 세계에서 두 번째로 많은 국가였지만, 국민이 방역의 주체가 되어 위기를 극복할 수 있었다""며 ""국민들은 이웃의 안전이 나의 안전이라는 생각으로, 어려움을 겪고 있는 지역과 개인, 의료진과 방역요원들을 지원하고 격려했다""고 했다. 문 대통령은 ""국민들은 자발적으로 마스크를 착용하고, 사회적 거리두기에 적극적으로 동참했다""며 ""국민들이 고안한 '드라이브 스루'와 '워크 스루' 방식은 빠른 시간에 다수의 진단이 가능하게 했다""고 했다. 국민들이 개발한 코로나맵, 마스크 맵, 역학조사 맵 등도 소개했다. 이어 ""정부는 '개방성, 투명성, 민주성'의 3대 원칙에 따라 모든 방역상황을 국민들에게 매일 투명하게 공개했다""면서 ""신속한 진단검사로 확진자를 찾고, 역학조사로 확산을 막았다""고 했다. ""'특별입국절차'로 사람과 물자의 국경 간 이동 제한을 최소화하고, 노인요양시설 등 취약계층을 위한 선제적 방역을 강화했다""고도 했다. 또 ""코로나로 어려움을 겪는 소상공인과 취약계층에게 긴급 자금을 제공하고, 많은 나라들과 진단 키트와 마스크 같은 방역물품을 나누며, 임상경험과 데이터를 공유했다""고 소개했다. 문 대통령은 ""이 같은 노력으로 지난 8월의 재확산 위기도 극복할 수 있었다""면서 ""한국이 코로나 방역의 모범국가로 평가받고 있어 매우 다행스럽게 생각한다. 한국의 경험이 세계 각국에 참고가 되기를 바란다""고 했다. 그는 ""세계 경제의 빠른 회복 또한 절실한 과제""라면서 ""방역과 경제의 두 마리 토끼를 함께 잡기 위해 필수물품과 인력의 왕래가 더 원활해지기를 희망한다""고 했다. 그러면서 ""특히, 신속통로제도를 더욱 확대해 세계 각국이 코로나 속에서도 더 활발히 교류할 수 있기를 기대한다""고 밝혔다. 문 대통령은 ""한국은 코로나의 완전한 종식을 위한 국제협력에 끝까지 함께할 것""이라며 ""우리는 코로나에 맞서 더 긴밀하게 연대하고 협력해야 한다""고 강조하며 발언을 마무리했다. 문 대통령은 다음날 2세션을 통해 코로나 사태와 관련한 발언을 이어갈 계힉이다. 한편 G20 정상회의 참석 여부가 불투명했던 도널드 트럼프 미국 대통령은 모습을 드러내 이목을 끌었다. 미국 대선 이후 공개 활동을 꺼려왔던 트럼프 대통령은 전날 아시아태평양경제협력체(APEC) 회의에 이어 이날 G20 회의에 참여했다."
프레시안,2020.10.26.,"文대통령 ""독감 백신 접종 확대해야…사망과 인과관계 없다""",임경구,"문재인 대통령이 독감 백신 접종 뒤 사망 사례가 발생하는 데 대해 ""보건당국이 전문가들과 함께 검토하여 내린 결론과 발표를 신뢰해 주기 바란다""며 혼선 방지에 주력했다. 문 대통령은 26일 청와대에서 주재한 수석·보좌관 회의에서 ""지금까지 신고 된 사례에 대한 부검 등의 검사와 종합적인 판단 결과, 사망과 예방접종 사이에 직접적인 인과관계가 없는 것으로 확인되고 있다""며 이 같이 밝혔다. 방역 당국도 지금까지 발생한 독감 백신 접종 후 사망 사례들의 원인이 백신 때문이라고 판단하지는 않고 있다. 그럼에도 독감 백신 접종에 대한 국민들의 불안과 혼선이 가중되자 정부와 문 대통령이 진화에 나선 것이다. 문 대통령은 ""올해는 독감 예방뿐 아니라 독감과 코로나의 동시 감염과 동시 확산을 막기 위해 독감 예방접종을 더 확대할 필요가 있다""면서 ""과도한 불안감으로 적기 접종을 놓침으로써 자칫 치명률이 상당한 독감에 걸리는 더 큰 위험을 초래하지 않기를 바란다""고 강조했다. 코로나19 현황에 대해선 정부의 방역 성과를 기반으로 경제 반등의 모멘텀이 마련되기를 기대했다. 문 대통령은 ""전세계적으로 코로나 일일 확진자 수가 50만 명에 육박하는 등 2차 대유행의 위기가 고조되며 유럽을 비롯한 세계 곳곳에서 재봉쇄 등의 비상조치를 강화하고 있다""면서 ""이에 반해 우리는 방역 조치를 완화한 특별하고 예외적인 나라가 되었다""고 자평했다. 다만 문 대통령은 ""결코 자만하거나 방심해서는 안 될 것이다. 방역 완화 조치가 지속되려면 완화된 조치로도 방역에 성공을 거둘 수 있어야 한다""고 했다. 문 대통령은 이어 국내 코로나19 방역과 관련해선 ""최근 일시적으로 일일 신규 확진자 수의 증가가 있었지만 대체로 일부 취약시설을 중심으로 발생하고 있고, 지역사회로의 전파는 최대한 억제되고 있다""고 했다. 그러면서 ""특히 감염경로가 확인되지 않은 수치가 한 달 전 27%를 넘은 때도 있었으나 그 후 지속적으로 감소하여 현재는 11% 정도까지 현저하게 떨어졌다""며 ""확진자의 감염경로가 비교적 신속하고 정확하게 파악되고 있는 것은 그만큼 우리의 방역체계가 효과적으로 작동하고 있다는 것을 말해준다""고 했다. 문 대통령은 ""고위험 시설에 대한 정밀방역을 선제적으로 강화하기 위해 요양병원과 시설 등에 대해 전수조사를 실시한 것이 확진자 수가 일시 늘어난 하나의 이유""라며 ""이 역시 우리의 방역체계가 철저하고 빈틈없이 가동되고 있다는 것을 의미""라고 했다. 문 대통령은 이어 ""방역 성과에 따라 방역 조치가 완화되며 경제 활동이 조금씩 정상화되고 있어 다행""이라며 ""이 기회를 살려 빠른 경제 회복을 이끌 수 있기를 기대한다""고 했다. 문 대통령은 막바지로 접어든 국회 국정감사와 관련해 ""국감이 여전히 정치공세의 장이 되고 있는 점은 매우 아쉽다""고 했다. 추미애 법무부 장관과 윤석열 검찰총장을 둘러싼 여야의 갈등을 염두에 둔 발언으로 풀이되지만, 공방의 쟁점인 라임‧옵티머스 사건이나 윤 총장의 거취 논란에 관한 분명한 언급은 나오지 않았다. 문 대통령은 이어 ""이번 국감에서 택배노동자, 플랫폼 노동자, 프리랜서 등 특수고용노동자에 대한 지원을 제도화할 필요성에 대해 공감대가 마련된 것은 무엇보다 큰 소득""이라고 했다. 아울러 ""최근 사고가 급증하고 있는 전동 킥보드에 대한 규범 마련과 함께 어린이보호구역 지정 확대, 아동보호전문기관 증설 등 생활안전 분야에서의 섬세한 지적들도 적극적으로 수용하겠다""고 밝혔다. 또한 ""부동산의 실거래 현황이 정확하게 반영되는 실거래가 통계를 통해 부동산 정책의 토대가 되는 부동산 공공통계를 강화해야 한다는 지적도 큰 도움이 된다""고 했다."
프레시안,2020.10.15.,"文대통령 ""코로나 치료제 연내 생산, 백신은 내년까지 완료""",임경구,"문재인 대통령이 코로나19 백신 및 치료제 개발 성과를 소개하며 ""개발 과정이 순조롭게 진행된다면 치료제는 올해 안에 본격적인 생산을, 백신은 내년까지 개발 완료를 기다릴 수 있게 됐다""고 기대감을 보였다. 문 대통령은 15일 코로나19 백신 개발 업체인 SK바이오사이언스에서 열린 '코로나19 백신, 치료제 개발 현장 간담회'에 참석해 ""코로나19 완전한 극복을 위해 백신과 치료제 개발은 반드시 넘어야 할 산""이라며 이 같이 말했다. 문 대통령은 ""정부는 코로나19 치료제와 백신만큼은 다른 나라가 먼저 개발에 성공하고 우리나라가 수입할 수 있게 되더라도 끝가지 자체 개발을 성공시켜려 한다는 의지를 가지고 있다""며 ""개발 경험의 축적을 위해서도 반드시 필요한 일이고, 공급 가격의 인하를 위해서도 필요한 일""이라고 했다. 그러면서 ""지난 9개월 간 기업, 병원, 대학 연구소 등 민간과 정부의 모든 역량이 총동원돼 우리 기업 연구진들이 밤낮 없이 연구개발에 매진해왔다""며 ""세계적 기업들의 경쟁이 치열한 가운데, 우리나라도 백신과 치료제 개발에서 상당한 성과를 내고 있다""고 했다. 문 대통령은 또 ""우리 국민의 60%에 달하는 총 3000만 명 분량의 백신을 우선 확보하는 계획도 착실하게 진행되고 있다""고 했다. 이날 SK바이오사시언스 연구실을 둘러보며 개발 과정에 대한 설명을 청취한 문 대통령은 ""오늘 백신 개발현장을 둘러보며 우리 기술력에 새로운 감회와 자신감이 생긴다""면서 ""SK바이오사이언스는 안전하고 효능이 우수한 합성 백신을 개발하고 있고 이번 달부터 임상시험에 착수한다""고 소개하기도 했다. 또 백신 개발에 참여하고 있는 제넥신과 진원생명과학을 언급하며 ""백신의 안정적 확보에 큰 힘이 될 것""이라고 했다. 이어 문 대통령은 ""치료제 개발도 빠른 성과를 보이고 있다""며 ""기술 허가를 받은 의약품 중 코로나19에 효과가 있는 치료제를 찾아내는 방식으로 19건의 임상시험이 진행 중""이라고 밝혔다. 이와 관련해 셀트리온은 에이즈 치료제나 에볼라바이러스 치료제 등을 활용해 코로나19 치료제로 쓰일 수 있는지 효능을 검증하는 '약물재창출' 연구를 진행 중이며, GC녹십자사는 혈장치료제 개발을 진행 중이다. 이에 주목하며 ""올해 안에 환자 치료에 사용할 수 있게 되기를 기대하고 있다""고 밝힌 문 대통령은 ""세계적으로 인정받는 백신과 치료제를 개발하기 위해서는 넘어야 할 고비가 많다""며 ""국민의 생명과 직결되는 만큼 안전성이 확실히 보장돼야 한다""고 당부했다. 그러면서 ""정부는 확실히 성공할 때까지 지원을 아끼지 않겠다""며 ""K방역에 이어 K바이오가 우리에게 다시 한 번 희망과 자부심이 되리라 믿는다""고 전폭적인 지원을 약속했다."
